Host,SSL,Port,GET uri,POST uri,User Agent,Watermark
54.66.253.144,True,443,"54.66.253.144,/s/ref=nb_sb_noss_1/167-3294888-0262949/field-keywords=books",/N4215/adj/amzn.us.sr.aps,Mozilla/5.0 (Windows NT 6.1; WOW64; Trident/7.0; rv:11.0) like Gecko,562884990
103.243.183.250,True,443,"103.243.183.250,/search.js",/hr,"Mozilla/5.0 (Linux; Android 6.0; HTC One X10 Build/MRA58K; wv) AppleWebKit/537.36 (KHTML, like Gecko) Version/4.0",305419896
185.82.126.47,True,443,"185.82.126.47,/pixel",/submit.php,Mozilla/5.0 (compatible; MSIE 9.0; Windows NT 6.1; WOW64; Trident/5.0; MASB),305419896
94.156.174.121,True,443,"94.156.174.121,/watch",/ptracking,"Mozilla/5.0 (Windows NT 6.1) AppleWebKit/537.36 (KHTML, like Gecko)",76803050
194.36.191.118,True,443,"194.36.191.118,/visit.js",/submit.php,Mozilla/4.0 (compatible; MSIE 8.0; Windows NT 5.1; Trident/4.0; InfoPath.2; .NET CLR 2.0.50727),305419896
23.106.160.198,True,443,"repshd.com,/us/ky/louisville/312-s-fourth-st.html,pinglis.com,/us/ky/louisville/312-s-fourth-st.html,stargut.com,/us/ky/louisville/312-s-fourth-st.html",/OrderEntryService.asmx/AddOrderLine,"Mozilla/5.0 (Windows NT 6.1) AppleWebKit/537.36 (KHTML, like Gecko)",0
23.81.246.46,True,443,"contmetric.com,/s/ref=nb_sb_noss_1/167-3294888-0262949/field-keywords=books",/N4215/adj/amzn.us.sr.aps,Mozilla/5.0 (Windows NT 6.1; WOW64; Trident/7.0; rv:11.0) like Gecko,0
108.174.193.11,True,443,"qw.removerchangefile.monster,/media.html,as.removerchangefile.monster,/media.html,zx.removerchangefile.monster,/media.html",/ak,"Mozilla/5.0 (Macintosh; Intel Mac OS X 10_11_2) AppleWebKit/601.3.9 (KHTML, like Gecko) Version/9.0.2 Safari/601.3.9",305419896
213.217.0.218,True,443,"213.217.0.218,/visit.js",/submit.php,Mozilla/5.0 (compatible; MSIE 9.0; Windows NT 6.1; WOW64; Trident/5.0; NP06),305419896
213.252.247.31,True,443,"1nubjgrcfjhjhkjftdd.com,/s/ref=nb_sb_noss_1/167-3294888-0262949/field-keywords=books",/N4215/adj/amzn.us.sr.aps,Mozilla/5.0 (Windows NT 6.1; WOW64; Trident/7.0; rv:11.0) like Gecko,0
64.227.24.12,True,443,"64.227.24.12,/wp08/wp-includes/dtcla.php",/includes/phpmailer/class.pop3.php,Mozilla/5.0 (Windows; U; MSIE 7.0; Windows NT 5.2) Java/1.5.0_08,0
167.71.230.48,True,443,"164.90.146.168,/sxn/start,167.71.230.48,/sxn/start",/dd/met7,Mozilla/5.0 (Windows NT 6.3; Trident/7.0; rv:11.0) like Gecko,305419896
45.207.49.205,True,443,"45.207.49.205,/updates",/windowsxp/updcheck.php,Mozilla/5.0 (Windows NT 6.1; rv:24.0) Gecko/20100101 Firefox/24.0,305419896
188.119.112.174,True,8081,"girls4dating.asia,/safebrowsing/rd/CltOb12nLW1IbHehcmUtd2hUdmFzEBAY7-0KIOkUDC7h2",/safebrowsing/rd/CINnu27nLO8hbHdfgmUtc2ihdmFyEAcY4,Mozilla/5.0 (Windows NT 6.1; WOW64; Trident/7.0; rv:11.0) like Gecko,0
185.158.251.113,True,443,"185.158.251.113,/jquery-3.3.1.min.js",/jquery-3.3.2.min.js,Mozilla/5.0 (Windows NT 6.3; Trident/7.0; rv:11.0) like Gecko,305419896
103.39.18.184,True,443,"156.226.191.234,/_/scs/mail-static/_/js/,djiqowenlsakdj.com,/_/scs/mail-static/_/js/",/mail/u/0/,Mozilla/5.0 (compatible; MSIE 9.0; Windows NT 6.1; WOW64; Trident/5.0; MALCJS),305419896
47.103.151.197,True,443,"47.103.151.197,/live-txy/check",/live-txy/,Shockwave Flash,305419896
218.253.251.100,True,443,"218.253.251.100,/c/msdownload/update/others/2016/12/29136388_",/c/msdownload/update/others/2016/12/3215234_,Windows-Update-Agent/10.0.10011.16384 Client-Protocol/1.40,305419896
204.16.247.235,True,443,"avetool.com,/us/ky/louisville/312-s-fourth-st.html",/OrderEntryService.asmx/AddOrderLine,"Mozilla/5.0 (Windows NT 6.1) AppleWebKit/537.36 (KHTML, like Gecko)",0
87.120.254.113,True,443,"h22.club,/s/ref=nb_sb_noss_1/167-3294888-0262949/field-keywords=books",/N4215/adj/amzn.us.sr.aps,Mozilla/5.0 (Windows NT 6.1; WOW64; Trident/7.0; rv:11.0) like Gecko,305419896
23.101.141.164,True,443,"10.0.2.11,/jquery-3.3.1.min.js",/jquery-3.3.2.min.js,Mozilla/5.0 (Windows NT 6.3; Trident/7.0; rv:11.0) like Gecko,1015902253
185.244.30.249,True,443,"185.244.30.249,/jquery-3.3.1.min.js",/jquery-3.3.2.min.js,Mozilla/5.0 (Windows NT 6.3; Trident/7.0; rv:11.0) like Gecko,0
18.141.185.134,True,443,"18.141.185.134,/push",/submit.php,Mozilla/4.0 (compatible; MSIE 8.0; Windows NT 5.1; Trident/4.0; InfoPath.2; .NET4.0C),0
139.162.197.65,True,443,"139.162.197.65,/styles",/RELEASE_NOTES,"Mozilla/5.0 (Windows NT 10.0; Win64; x64) AppleWebKit/537.36 (KHTML, like Gecko) Chrome/87.0.4280.66 Safari/537.36 Edg/87.0.664.47
",1748840278
195.123.213.82,True,443,"195.123.213.82,/jquery-3.3.1.min.js",/jquery-3.3.2.min.js,Mozilla/5.0 (Windows NT 6.3; Trident/7.0; rv:11.0) like Gecko,16777216
103.39.18.174,True,443,"156.226.191.234,/_/scs/mail-static/_/js/,djiqowenlsakdj.com,/_/scs/mail-static/_/js/",/mail/u/0/,Mozilla/5.0 (compatible; MSIE 9.0; Windows NT 6.1; WOW64; Trident/5.0; MALCJS),305419896
193.27.14.247,True,443,"ap.availablenationwide.com,/jquery-ajaxSuccess.js",/jquery-before.js,Mozilla/5.0 (Windows NT 6.3; Trident/7.0; rv:11.0) like Gecko,1873433027
108.174.193.14,True,443,"qw.removerchangefile.monster,/media.html,as.removerchangefile.monster,/media.html,zx.removerchangefile.monster,/media.html",/ak,"Mozilla/5.0 (Macintosh; Intel Mac OS X 10_11_2) AppleWebKit/601.3.9 (KHTML, like Gecko) Version/9.0.2 Safari/601.3.9",305419896
5.45.83.2,True,443,"owa.artunetworks.com,/sxn/start",/dd/met7,Mozilla/5.0 (compatible; MSIE 9.0; Windows NT 6.1; WOW64; Trident/5.0),305419896
185.203.116.130,True,443,"185.203.116.130,/en_US/all.js",/submit.php,Mozilla/5.0 (compatible; MSIE 9.0; Windows NT 6.0; Trident/5.0; BOIE9;ENUS),0
23.152.0.239,True,443,"jquery.bdstatic.fun,/360safebrowsing/reference/QsTxZZddlJS8g2uY",/360safebrowsing/reference/ZzGWvP9ePcqGSOxO,Mozilla/5.0 (X11; Linux x86_64; rv:68.0) Gecko/20100101 Firefox/68.0,1274418484
54.253.227.154,True,443,"ec2-13-211-255-53.ap-southeast-2.compute.amazonaws.com,/oscp/,ec2-54-253-227-154.ap-southeast-2.compute.amazonaws.com,/oscp/",/oscp/a/,Microsoft-CryptoAPI/6.1,105224470
62.234.15.122,True,443,"62.234.15.122,/g.pixel",/submit.php,Mozilla/4.0 (compatible; MSIE 7.0; Windows NT 5.1; Trident/4.0; .NET CLR 1.1.4322),305419896
45.147.229.157,True,443,"45.147.229.157,/match",/submit.php,Mozilla/5.0 (compatible; MSIE 9.0; Windows NT 6.1; Trident/5.0; UHS),1580103814
103.149.27.116,True,443,"103.149.27.116,/fwlink",/submit.php,Mozilla/5.0 (compatible; MSIE 9.0; Windows NT 6.1; Win64; x64; Trident/5.0),305419896
185.184.221.16,True,443,"service-8jyhlsqo-1301977346.gz.apigw.tencentcs.com,/api/getit",/api/postit,Mozilla/5.0 (compatible; MSIE 8.0; Windows NT 6.1; Trident/5.0),0
31.44.184.165,True,443,"31.44.184.165,/pixel.gif",/submit.php,Mozilla/5.0 (compatible; MSIE 9.0; Windows NT 6.1; WOW64; Trident/5.0; BOIE9;ENUS),0
65.207.115.215,True,443,"213.236.64.41,/preload",/sa,Mozilla/5.0 (Windows NT 6.1; WOW64; Trident/7.0; rv:11.0) like Gecko,26658758
52.15.240.204,True,443,"scripts.chickensdone.com,/cx",/submit.php,Mozilla/5.0 (compatible; MSIE 10.0; Windows NT 6.2; WOW64; Trident/6.0; MASAJS),1548680553
18.144.133.24,True,443,"18.144.133.24,/search",/fo,"Mozilla/5.0 (Linux; Android 7.0; Pixel C Build/NRD90M; wv) AppleWebKit/537.36 (KHTML, like Gecko) Version/4.0",1086870999
190.2.130.152,True,443,"auth.cirtixappwbm.com,/jquery-3.3.1.min.js",/jquery-3.3.2.min.js,"Mozilla/5.0 (Windows NT 6.3; Win64; x64) AppleWebKit/537.36 (KHTML, like Gecko) Chrome/85.0.4183.83 Safari/537.36",555758901
149.6.167.60,True,443,"CLIENT.ELISEA-MUTUELLE.fr,/jquery-3.3.1.min.js",/jquery-3.3.2.min.js,Mozilla/5.0 (Windows NT 6.3; Trident/7.0; rv:11.0) like Gecko,743687786
49.232.42.92,True,443,"49.232.42.92,/cx",/submit.php,Mozilla/5.0 (compatible; MSIE 9.0; Windows NT 6.1; WOW64; Trident/5.0; MATM),0
165.22.199.237,True,443,"test.eqtnow.com,/ocsp/a/",/ocsp/b/,Microsoft-CryptoAPI/6.1,1070266056
157.230.239.44,True,443,"ajax.microsoft.com,/skin",/html,"Mozilla/5.0 (Windows Phone 10.0; Android 6.0.1; Microsoft; RM-1152) AppleWebKit/537.36 (KHTML, like Gecko)",1417198314
95.217.197.66,True,443,"oomdatacollect.global.ssl.fastly.net,/pixel.gif",/submit.php,Mozilla/4.0 (compatible; MSIE 7.0; Windows NT 5.1),0
193.34.166.169,True,443,"ntwindowsupdate.com,/ca",/submit.php,Mozilla/5.0 (compatible; MSIE 9.0; Windows NT 6.1; Trident/5.0; BOIE9;ENAU),305419896
209.222.101.55,True,443,"selfspin.com,/us/ky/louisville/312-s-fourth-st.html",/OrderEntryService.asmx/AddOrderLine,"Mozilla/5.0 (Windows NT 6.1) AppleWebKit/537.36 (KHTML, like Gecko)",1580103814
104.149.168.199,True,443,"104.149.168.199,/g.pixel",/submit.php,Mozilla/4.0 (compatible; MSIE 7.0; Windows NT 5.1; Trident/4.0),0
51.91.123.189,True,443,"CLIENT.ELISEA-MUTUELLE.fr,/jquery-3.3.1.min.js",/jquery-3.3.2.min.js,Mozilla/5.0 (Windows NT 6.3; Trident/7.0; rv:11.0) like Gecko,743687786
104.243.45.15,True,443,"mixres.com,/us/ky/louisville/312-s-fourth-st.html",/OrderEntryService.asmx/AddOrderLine,"Mozilla/5.0 (Windows NT 6.1) AppleWebKit/537.36 (KHTML, like Gecko)",0
161.35.76.1,True,443,"161.35.76.1,/jquery-3.3.1.min.js",/jquery-3.3.2.min.js,Mozilla/5.0 (Windows NT 6.3; Trident/7.0; rv:11.0) like Gecko,0
51.75.255.58,True,443,"51.75.255.58,/scs/mail-static/js/",/mail/u/_/1/,Mozilla/5.0 (Windows NT 6.1; WOW64; Trident/7.0; rv:11.0) like Gecko,1582508172
88.119.171.55,True,443,"88.119.171.55,/lv.html",/dz,"Mozilla/5.0 (Windows NT 10.0; Win64; x64) AppleWebKit/537.36 (KHTML, like Gecko) Chrome/42.0.2311.135 Safari/537.36 Edge/12.246",0
185.244.150.146,True,443,"savann.org,/visit.js",/submit.php,Mozilla/4.0 (compatible; MSIE 8.0; Windows NT 5.1; Trident/4.0),1580103814
155.138.230.65,True,443,"155.138.230.65,/viewerng/meta",/viewersng/meta,Mozilla/5.0 (Windows NT 6.1; WOW64; Trident/7.0; rv:11.0) like Gecko,1146321982
103.39.18.182,True,443,"156.226.191.234,/_/scs/mail-static/_/js/,djiqowenlsakdj.com,/_/scs/mail-static/_/js/",/mail/u/0/,Mozilla/5.0 (compatible; MSIE 9.0; Windows NT 6.1; WOW64; Trident/5.0; MALCJS),305419896
45.146.165.48,True,443,"cloudfrontapis.net,/us/ky/louisville/312-s-fourth-st.html",/OrderEntryService.asmx/AddOrderLine,"Mozilla/5.0 (Windows NT 6.1) AppleWebKit/537.36 (KHTML, like Gecko)",0
35.221.158.178,True,443,"35.221.158.178,/ptj",/submit.php,Mozilla/5.0 (compatible; MSIE 9.0; Windows NT 6.1; Trident/5.0; XBLWP7; ZuneWP7),305419896
199.127.60.227,True,443,"bitsse.com,/us/ky/louisville/312-s-fourth-st.html,uncole.com,/us/ky/louisville/312-s-fourth-st.html",/OrderEntryService.asmx/AddOrderLine,"Mozilla/5.0 (Windows NT 6.1) AppleWebKit/537.36 (KHTML, like Gecko)",0
206.189.223.152,True,443,"206.189.223.152,/push",/submit.php,Mozilla/4.0 (compatible; MSIE 8.0; Windows NT 5.1; Trident/4.0; SV1),1782199611
119.8.42.35,True,443,"update1.jscachecdn.com,/s/ref=nb_sb_noss_1/264-84198498-9827145/field-keywords=woman",/N9185/adj/amzn.us.sr.aps,Mozilla/5.0 (compatible; MSIE 9.0; Windows NT 6.1),305419896
23.106.160.129,True,443,"regbest.com,/us/ky/louisville/312-s-fourth-st.html",/OrderEntryService.asmx/AddOrderLine,"Mozilla/5.0 (Windows NT 6.1) AppleWebKit/537.36 (KHTML, like Gecko)",0
68.183.179.130,True,443,"speedtest-hinet.com,/jquery-3.3.1.min.js",/jquery-3.3.2.min.js,Mozilla/5.0 (Windows NT 6.3; Trident/7.0; rv:11.0) like Gecko,0
23.106.160.161,True,443,"clubuz.com,/us/ky/louisville/312-s-fourth-st.html",/OrderEntryService.asmx/AddOrderLine,"Mozilla/5.0 (Windows NT 6.1) AppleWebKit/537.36 (KHTML, like Gecko)",0
103.39.18.165,True,443,"156.226.191.234,/_/scs/mail-static/_/js/,djiqowenlsakdj.com,/_/scs/mail-static/_/js/",/mail/u/0/,Mozilla/5.0 (compatible; MSIE 9.0; Windows NT 6.1; WOW64; Trident/5.0; MALCJS),305419896
45.227.255.34,True,443,"45.227.255.34,/visit.js",/submit.php,Mozilla/4.0 (compatible; MSIE 8.0; Windows NT 5.1; Trident/4.0),0
23.106.160.111,True,443,"mixres.com,/us/ky/louisville/312-s-fourth-st.html",/OrderEntryService.asmx/AddOrderLine,"Mozilla/5.0 (Windows NT 6.1) AppleWebKit/537.36 (KHTML, like Gecko)",0
103.39.18.179,True,443,"156.226.191.234,/_/scs/mail-static/_/js/,djiqowenlsakdj.com,/_/scs/mail-static/_/js/",/mail/u/0/,Mozilla/5.0 (compatible; MSIE 9.0; Windows NT 6.1; WOW64; Trident/5.0; MALCJS),305419896
50.116.12.237,True,443,"fonts.stata.buzz,/common/template/tabLib.php,cache.stata.buzz,/searchbox/res.php,static.stata.buzz,/worldindex/wp-includes/new.php",/modules/recaptcha.php,Mozilla/5.0 (Windows; U; MSIE 8.1; Windows NT 5.2) Firefox/68.0,305419896
8.131.60.36,True,443,"8.131.60.36,/live-txy/check",/live-txy/,Shockwave Flash,305419896
51.210.41.37,True,443,"www.phpbasic.net,/scs/mail-static/js/",/mail/u/_/1/,Mozilla/5.0 (Windows NT 6.1; WOW64; Trident/7.0; rv:11.0) like Gecko,1582508172
95.179.153.30,True,443,"updatesecurity64win.org,/s/ref=nb_sb_noss_1/167-3294888-0262949/field-keywords=books",/N4215/adj/amzn.us.sr.aps,Mozilla/5.0 (Windows NT 6.1; WOW64; Trident/7.0; rv:11.0) like Gecko,305419896
198.44.97.180,True,443,"198.44.97.180,/push",/submit.php,Mozilla/5.0 (compatible; MSIE 9.0; Windows NT 6.1; WOW64; Trident/5.0; BOIE9;ENGB),305419896
121.196.152.165,True,443,"121.196.152.165,/g.pixel",/submit.php,Mozilla/4.0 (compatible; MSIE 8.0; Windows NT 6.0; Trident/4.0),0
104.236.172.121,True,443,"104.236.172.121,/ga.js,n00she.com,/match",/submit.php,Mozilla/5.0 (compatible; MSIE 9.0; Windows NT 6.1; WOW64; Trident/5.0; BOIE9;ENUS),305419896
13.211.237.247,True,443,"cachemaster.azureedge.net,/personal/_nbnco_com_au/_layouts/15/download.aspx",/Collector/3.0/,Microsoft SkyDriveSync 20.169.0823.0006 ship; Windows NT 10.0 (18363) ,1939271939
54.144.48.52,True,443,"m24.yourintrinsichealth.com,/s/ref=nb_sb_noss_1/167-3294888-0262949/field-keywords=books",/N4215/adj/amzn.us.sr.aps,Mozilla/5.0 (Windows NT 6.1; WOW64; Trident/7.0; rv:11.0) like Gecko,1502747091
119.28.9.129,True,443,"119.28.9.129,/match",/submit.php,Mozilla/5.0 (compatible; MSIE 9.0; Windows NT 6.1; Win64; x64; Trident/5.0),305419896
94.140.115.252,True,443,"94.140.115.252,/jquery-3.3.1.min.js",/jquery-3.3.2.min.js,Mozilla/5.0 (Windows NT 6.3; WOW64; Trident/7.0; rv:11.0) like Gecko,305419896
3.238.74.66,True,443,"3.238.74.66,/v3/abc/query",/v3/abc/payment/2,Mozilla/5.0 (Windows NT 6.3; WOW64; Trident/7.0; rv:11.0) like Gecko,337646309
159.65.229.6,True,443,"159.65.229.6,/load",/submit.php,Mozilla/4.0 (compatible; MSIE 7.0; Windows NT 5.1; Trident/4.0),348750447
64.69.57.207,True,443,"64.69.57.207,/homes/for_sale/atlanta/",/homes/for_sale/Atlanta/,"Mozilla/5.0 (Windows NT 10.0; Win64; x64) AppleWebKit/537.36 (KHTML, like Gecko) Chrome/60.0.3112.113 Safari/537.36",525889753
23.106.215.165,True,443,"palside.com,/us/ky/louisville/312-s-fourth-st.html",/OrderEntryService.asmx/AddOrderLine,"Mozilla/5.0 (Windows NT 6.1) AppleWebKit/537.36 (KHTML, like Gecko)",1580103814
106.52.234.125,True,443,"106.52.234.125,/s",/S,Mozilla/5.0 (Windows NT 6.3; Trident/7.0; rv:11.0) like Gecko,305419896
104.168.136.5,True,443,"qw.clearhelperinthischekmachine-advisorworld.monster,/zh,as.clearhelperinthischekmachine-advisorworld.monster,/btn_bg,zx.clearhelperinthischekmachine-advisorworld.monster,/zh",/fam_calendar,"Mozilla/5.0 (Linux; Android 7.0; Pixel C Build/NRD90M; wv) AppleWebKit/537.36 (KHTML, like Gecko) Version/4.0",0
103.39.18.175,True,443,"156.226.191.234,/_/scs/mail-static/_/js/,djiqowenlsakdj.com,/_/scs/mail-static/_/js/",/mail/u/0/,Mozilla/5.0 (compatible; MSIE 9.0; Windows NT 6.1; WOW64; Trident/5.0; MALCJS),305419896
103.39.18.177,True,443,"156.226.191.234,/_/scs/mail-static/_/js/,djiqowenlsakdj.com,/_/scs/mail-static/_/js/",/mail/u/0/,Mozilla/5.0 (compatible; MSIE 9.0; Windows NT 6.1; WOW64; Trident/5.0; MALCJS),305419896
173.234.155.55,True,443,"cwsedge.net,/jquery-3.3.1.min.js",/jquery-3.3.2.min.js,Mozilla/5.0 (Windows NT 6.3; Trident/7.0; rv:11.0) like Gecko,0
176.105.254.220,True,443,"chromeupdates.best,/login",/Config,"Mozilla/5.0 (Windows NT 6.1) AppleWebKit/587.38 (KHTML, like Gecko) Chrome/41.0.227.0 Safari/536.3",0
23.106.215.240,True,443,"inksim.com,/us/ky/louisville/312-s-fourth-st.html",/OrderEntryService.asmx/AddOrderLine,"Mozilla/5.0 (Windows NT 6.1) AppleWebKit/537.36 (KHTML, like Gecko)",0
185.201.47.155,True,443,"thie7keiz2eu2eeshoog.greenyellow.xyz,/dot.gif,Oophofeip9aiph4zoo6e.greenyellow.site,/activity,eeTaicaiT4eeceingoz9.greenyellow.fun,/dot.gif",/submit.php,Mozilla/5.0 (compatible; MSIE 9.0; Windows NT 6.1; WOW64; Trident/5.0; MDDRJS),0
54.197.151.253,True,443,"54.197.151.253,/homes/for_sale/atlanta/",/homes/for_sale/Atlanta/,"Mozilla/5.0 (Windows NT 10.0; Win64; x64) AppleWebKit/537.36 (KHTML, like Gecko) Chrome/60.0.3112.113 Safari/537.36",2124548443
47.111.179.51,True,443,"47.111.179.51,/lu.js",/html,"Mozilla/5.0 (Linux; Android 8.0.0; SM-G960F Build/R16NW) AppleWebKit/537.36 (KHTML, like Gecko) Chrome/62.0.3202",388888888
66.42.40.220,True,443,"66.42.40.220,/toget",/topost,"Mozilla/5.0 (Windows NT 10.0; Win64; x64) AppleWebKit/537.36 (KHTML, like Gecko) Chrome/42.0.2311.135 Safari/537.36 Edge/12.246",388888888
63.142.243.214,True,443,"63.142.243.214,/push",/submit.php,Mozilla/5.0 (compatible; MSIE 9.0; Windows NT 6.1; WOW64; Trident/5.0; BOIE9;ENUS),305419896
20.52.237.224,True,443,"ajax.microsoft.com,/hr",/index,"Mozilla/5.0 (iPhone; CPU iPhone OS 12_0 like Mac OS X) AppleWebKit/605.1.15 (KHTML, like Gecko) Version/12.0",1111928766
204.16.247.189,True,443,"foxreps.com,/us/ky/louisville/312-s-fourth-st.html,novause.com,/us/ky/louisville/312-s-fourth-st.html",/OrderEntryService.asmx/AddOrderLine,"Mozilla/5.0 (Windows NT 6.1) AppleWebKit/537.36 (KHTML, like Gecko)",0
161.35.51.98,True,443,"mscrl.microsoft.com,/feed/Video/c/dynamic/,ajax.microsoft.com,/feed/Video/c/dynamic/",/main/urgent/w/06/,Mozilla/4.0 (compatible; MSIE 7.0; Windows NT 5.1; .NET CLR 2.0.50727),331214648
31.44.184.181,True,443,"31.44.184.181,/ptj",/submit.php,Mozilla/5.0 (compatible; MSIE 9.0; Windows NT 6.1; WOW64; Trident/5.0; MANM),0
114.118.4.189,True,443,"114.118.4.189,/updates",/windows/mark.jsp,Mozilla/5.0 (Windows NT 6.1; rv:24.0) Gecko/20100101 Firefox/24.0,0
139.155.18.71,True,443,"139.155.18.71,/g.pixel",/submit.php,Mozilla/5.0 (compatible; MSIE 9.0; Windows NT 6.1; WOW64; Trident/5.0; BOIE9;ENCA),9527
23.108.57.165,True,443,"topmmx.com,/us/ky/louisville/312-s-fourth-st.html",/OrderEntryService.asmx/AddOrderLine,"Mozilla/5.0 (Windows NT 6.1) AppleWebKit/537.36 (KHTML, like Gecko)",0
198.58.101.59,True,443,"www.bloomberg.com,/table/",/batcomputer/,Mozilla/5.0 (Windows NT 10.0; WOW64; Trident/7.0; rv:11.0) like Gecko,2005485734
167.172.203.162,True,443,"ajax.microsoft.com,/gp/aj/private/reviewsGallery/get-application-resources",/v4/links/check-activity/check,Mozilla/5.0 (Windows NT 6.1; WOW64; Trident/7.0; rv:11.0) like Gecko,794564431
141.164.43.116,True,443,"141.164.43.116,/v1/detail",/v1/display,"Mozilla/5.0 (Windows NT 6.1; Win64; x64) AppleWebKit/537.36 (KHTML, like Gecko) Chrome/82.0.4068.4 Safari/537.36",0
128.199.249.12,True,443,"amp.azure.net,/wp-content/themes/am43-6/dist/records,cdnads.msads.net,/api2/json/cluster/resources,iecvlist.microsoft.com,/gp/aj/private/reviewsGallery/get-application-resources,mscrl.microsoft.com,/gp/aj/private/reviewsGallery/get-application-resources",/gp/aw/ybh/handlers,Mozilla/5.0 (Windows NT 6.1; WOW64; Trident/7.0; rv:11.0) like Gecko,2005041236
103.39.18.166,True,443,"156.226.191.234,/_/scs/mail-static/_/js/,djiqowenlsakdj.com,/_/scs/mail-static/_/js/",/mail/u/0/,Mozilla/5.0 (compatible; MSIE 9.0; Windows NT 6.1; WOW64; Trident/5.0; MALCJS),305419896
128.1.136.178,True,443,"128.1.136.178,/pixel",/submit.php,Mozilla/4.0 (compatible; MSIE 7.0; Windows NT 5.1; .NET CLR 1.1.4322),305419896
64.225.75.52,True,443,"myhub.microsoft.com,/_/scs/mail-static/_/js/",/mail/u/0/,Mozilla/5.0 (compatible; MSIE 9.0; Windows NT 6.1; Trident/5.0; MANM),647655320
109.230.199.56,True,443,"109.230.199.56,/ga.js",/submit.php,Mozilla/4.0 (compatible; MSIE 8.0; Windows NT 5.1; Trident/4.0; InfoPath.3; .NET CLR 2.0.50727),305419896
108.174.193.13,True,443,"qw.removerchangefile.monster,/media.html,as.removerchangefile.monster,/media.html,zx.removerchangefile.monster,/media.html",/ak,"Mozilla/5.0 (Macintosh; Intel Mac OS X 10_11_2) AppleWebKit/601.3.9 (KHTML, like Gecko) Version/9.0.2 Safari/601.3.9",305419896
185.215.84.60,True,443,"s03mdn.net,/telemetry/specifications,msftncss.com,/telemetry/specifications",/telemetry/data,"Mozilla/5.0 (Windows NT 10.0; Win64; x64) AppleWebKit/537.36 (KHTML, like Gecko) Chrome/78.0.3904.108 Safari/537.36",955098644
3.85.60.172,True,443,"banking.capitalviewfinance.com,/jquery-1.12.1.min.js",/jquery-1.12.2.min.js,"Mozilla/5.0 (Windows NT 10.0; Win64; x64) AppleWebKit/537.36 (KHTML, like Gecko) Safari/537.36 Edg/80.0.361.62",630186537
23.82.19.113,True,443,"geotry.com,/us/ky/louisville/312-s-fourth-st.html",/OrderEntryService.asmx/AddOrderLine,"Mozilla/5.0 (Windows NT 6.1) AppleWebKit/537.36 (KHTML, like Gecko)",0
37.252.120.101,True,443,"37.252.120.101,/resolve/alter/",/client/real/,Mozilla/5.0 (compatible; MSIE 10.0; Windows NT 6.2; WOW64; Trident/6.0; MDDCJS),1516365230
193.34.167.60,True,443,"server3.msadwindows.com,/cm",/submit.php,Mozilla/5.0 (compatible; MSIE 9.0; Windows NT 6.1; Win64; x64; Trident/5.0; MALC),1580103814
31.14.40.230,True,443,"31.14.40.230,/ptj",/submit.php,Mozilla/5.0 (compatible; MSIE 9.0; Windows NT 6.1; Trident/5.0; BOIE9;ENIN),305419896
175.24.246.200,True,443,"175.24.246.200,/updates.rss",/submit.php,Mozilla/5.0 (compatible; MSIE 9.0; Windows NT 6.1; WOW64; Trident/5.0),305419896
74.121.151.174,True,443,"74.121.151.174,/jquery-3.3.1.min.js",/jquery-3.3.2.min.js,Mozilla/5.0 (Windows NT 6.3; Trident/7.0; rv:11.0) like Gecko,0
45.11.19.217,True,443,"mapizzamates.com,/en_US/all.js",/submit.php,Mozilla/5.0 (compatible; MSIE 10.0; Windows NT 6.2; Win64; x64; Trident/6.0; MATMJS),1580103814
204.16.247.194,True,443,"lookzero.com,/us/ky/louisville/312-s-fourth-st.html,cityfar.com,/us/ky/louisville/312-s-fourth-st.html",/OrderEntryService.asmx/AddOrderLine,"Mozilla/5.0 (Windows NT 6.1) AppleWebKit/537.36 (KHTML, like Gecko)",0
54.212.69.111,True,443,"7kf3xlsx24.execute-api.us-east-1.amazonaws.com,/api/fetch",/api/telemetry,Mozilla/5.0 (Windows NT 6.1; WOW64; Trident/7.0; rv:11.0) like Gecko,631717438
78.108.180.46,True,443,"remotepackagesserver.host,/login",/Admin,"Mozilla/5.0 (Windows NT 6.1) AppleWebKit/587.37 (KHTML, like Gecko) Chrome/41.0.2228.0 Safari/537.3",0
103.39.18.167,True,443,"156.226.191.234,/_/scs/mail-static/_/js/,djiqowenlsakdj.com,/_/scs/mail-static/_/js/",/mail/u/0/,Mozilla/5.0 (compatible; MSIE 9.0; Windows NT 6.1; WOW64; Trident/5.0; MALCJS),305419896
139.59.5.41,True,443,"stackpath.com,/bootswatch/4.5.2/lux/bootstrap.min.css,www.thaivisasurin.com,/bootswatch/4.5.2/lumen/bootstrap.min.css",/jobs/v1,Mozilla/5.0 (Windows NT 6.1; WOW64; Trident/7.0; rv:11.0) like Gecko,806839692
139.60.161.99,True,443,"139.60.161.99,/push",/submit.php,Mozilla/4.0 (compatible; MSIE 8.0; Windows NT 5.1; Trident/4.0; .NET4.0C; .NET4.0E),0
172.105.34.105,True,443,"lsass.cloud,/pixel",/submit.php,Mozilla/4.0 (compatible; MSIE 8.0; Windows NT 5.1; Trident/4.0; .NET CLR 2.0.50727),0
145.239.41.219,True,443,"145.239.41.219,/pixel.gif",/submit.php,Mozilla/5.0 (compatible; MSIE 9.0; Windows NT 6.1; Trident/5.0; BOIE9;ESES),305419896
23.106.223.151,True,443,"foxreps.com,/us/ky/louisville/312-s-fourth-st.html,novause.com,/us/ky/louisville/312-s-fourth-st.html",/OrderEntryService.asmx/AddOrderLine,"Mozilla/5.0 (Windows NT 6.1) AppleWebKit/537.36 (KHTML, like Gecko)",0
3.22.101.152,True,443,"d6qg530ok85uj.cloudfront.net,/safebrowsing/fp/X5dYOhqFrKn95vdkmSCHODPEuY9",/safebrowsing/fp/Xtsuqd9wDd34nVxGbIiRlzzODKYweAye7kEob,"Mozilla/5.0 (Macintosh; Intel Mac OS X 10_10_5) AppleWebKit/537.36 (KHTML, like Gecko) Chrome/65.0.3325.181 Safari/537.36",793967405
175.24.113.235,True,443,"175.24.113.235,/ca",/submit.php,Mozilla/4.0 (compatible; MSIE 7.0; Windows NT 5.1),305419896
47.110.90.89,True,443,"47.110.90.89,/cx",/submit.php,Mozilla/5.0 (compatible; MSIE 9.0; Windows NT 6.1; Trident/5.0; MANM),305419896
198.44.97.181,True,443,"198.44.97.180,/push",/submit.php,Mozilla/5.0 (compatible; MSIE 9.0; Windows NT 6.1; WOW64; Trident/5.0; BOIE9;ENGB),305419896
156.226.191.236,True,443,"156.226.191.234,/_/scs/mail-static/_/js/,djiqowenlsakdj.com,/_/scs/mail-static/_/js/",/mail/u/0/,Mozilla/5.0 (compatible; MSIE 9.0; Windows NT 6.1; WOW64; Trident/5.0; MALCJS),305419896
64.73.162.13,True,443,"www.edocushare.com,/jquery-3.3.1.min.js",/jquery-3.3.2.min.js,Mozilla/5.0 (Windows NT 6.3; Trident/7.0; rv:11.0) like Gecko,1442092370
199.127.63.73,True,443,"eyedm.com,/us/ky/louisville/312-s-fourth-st.html",/OrderEntryService.asmx/AddOrderLine,"Mozilla/5.0 (Windows NT 6.1) AppleWebKit/537.36 (KHTML, like Gecko)",0
159.138.58.45,True,443,"159.138.58.45,/cm",/submit.php,Mozilla/5.0 (compatible; MSIE 9.0; Windows NT 6.1; WOW64; Trident/5.0; MASP),305419896
172.93.105.2,True,443,"https://fixval.com,/us/ky/louisville/312-s-fourth-st.html",/OrderEntryService.asmx/AddOrderLine,"Mozilla/5.0 (Windows NT 6.1) AppleWebKit/537.36 (KHTML, like Gecko)",1580103814
46.161.27.220,True,443,"46.161.27.220,/ptj",/submit.php,Mozilla/5.0 (compatible; MSIE 10.0; Windows NT 6.1; WOW64; Trident/6.0),0
45.128.156.102,True,443,"mixdir.com,/us/ky/louisville/312-s-fourth-st.html",/OrderEntryService.asmx/AddOrderLine,"Mozilla/5.0 (Windows NT 6.1) AppleWebKit/537.36 (KHTML, like Gecko)",0
142.54.188.26,True,443,"agturnfa.com,/s/ref=nb_sb_noss_1/167-3294888-0262949/field-keywords=books",/N4215/adj/amzn.us.sr.aps,Mozilla/5.0 (Windows NT 6.1; WOW64; Trident/7.0; rv:11.0) like Gecko,0
159.138.147.229,True,443,"159.138.147.229,/__utm.gif",/submit.php,Mozilla/4.0 (compatible; MSIE 8.0; Windows NT 5.1; Trident/4.0; InfoPath.2; .NET4.0C),0
31.44.184.174,True,443,"31.44.184.174,/ptj",/submit.php,Mozilla/5.0 (compatible; MSIE 9.0; Windows NT 6.1; Trident/5.0),0
23.106.215.40,True,443,"cuphq.com,/visit.js,104.243.41.123,/fwlink",/submit.php,Mozilla/5.0 (compatible; MSIE 10.0; Windows NT 6.2; Win64; x64; Trident/6.0; Avant Browser),0
185.232.52.137,True,443,"185.232.52.137,/g.pixel",/submit.php,Mozilla/5.0 (compatible; MSIE 9.0; Windows NT 6.1; Win64; x64; Trident/5.0),16777216
68.183.210.191,True,443,"68.183.210.191,/c/msdownload/update/others/2016/12/29136388_",/c/msdownload/update/others/2016/12/3215234_,Windows-Update-Agent/10.0.10011.16384 Client-Protocol/1.40,302560822
47.95.37.84,True,443,"47.95.37.84,/jquery-3.3.1.min.js",/jquery-3.3.2.min.js,"Mozilla/5.0 (Windows NT 6.1; WOW64; Trident/7.0; rv:11.0) WebKit/537.36 (KHTML, like Gecko) Chrome/74.0.3729.169 Safari/537.36",1873433027
18.223.155.112,True,443,"18.223.155.112,/match",/submit.php,Mozilla/5.0 (compatible; MSIE 10.0; Windows NT 6.2; WOW64; Trident/6.0; MATBJS),684433648
35.174.172.215,True,443,"icollegetutor.live,/preload",/user,"Mozilla/5.0 (Windows NT 10.0; Win64; x64) AppleWebKit/537.36 (KHTML, like Gecko) Chrome/58.0.3029.110 Safari/537.36",318005844
78.128.113.14,True,443,"78.128.113.14,/updates.rss",/submit.php,Mozilla/4.0 (compatible; MSIE 8.0; Windows NT 6.1),305419896
149.28.20.245,True,443,"149.28.20.245,/search/",/Search/,"Mozilla/5.0 (compatible, MSIE 11, Windows NT 6.3; Trident/7.0; rv:11.0) like Gecko",305419896
74.118.138.144,True,443,"geotry.com,/us/ky/louisville/312-s-fourth-st.html",/OrderEntryService.asmx/AddOrderLine,"Mozilla/5.0 (Windows NT 6.1) AppleWebKit/537.36 (KHTML, like Gecko)",0
176.123.8.39,True,443,"agturnfa.com,/s/ref=nb_sb_noss_1/167-3294888-0262949/field-keywords=books",/N4215/adj/amzn.us.sr.aps,Mozilla/5.0 (Windows NT 6.1; WOW64; Trident/7.0; rv:11.0) like Gecko,0
38.132.99.215,True,443,"rackspare-technology.download,/c/msdownload/update/others/2020/10/29136388_",/c/msdownload/update/others/2020/10/28986731_,Windows-Update-Agent/10.0.10011.16384 Client-Protocol/1.40,1580103814
185.158.248.116,True,443,"185.158.248.116,/updates.rss",/submit.php,Mozilla/5.0 (compatible; MSIE 9.0; Windows NT 6.1; WOW64; Trident/5.0; BOIE9;ENUSMSE),305419896
45.33.6.203,True,443,"lsass.services,/idle/1376547834/1",/send/1376547834/,Shockwave Flash,0
108.177.235.148,True,443,"108.177.235.148,/c/msdownload/update/others/2016/12/29136388_",/c/msdownload/update/others/2016/12/3215234_,Windows-Update-Agent/10.0.10011.16384 Client-Protocol/1.40,1580103814
103.39.18.180,True,443,"156.226.191.234,/_/scs/mail-static/_/js/,djiqowenlsakdj.com,/_/scs/mail-static/_/js/",/mail/u/0/,Mozilla/5.0 (compatible; MSIE 9.0; Windows NT 6.1; WOW64; Trident/5.0; MALCJS),305419896
158.247.195.247,True,443,"158.247.195.247,/IE9CompatViewList.xml",/submit.php,Mozilla/4.0 (compatible; MSIE 8.0; Windows NT 5.1; Trident/4.0),305419896
18.222.163.48,True,443,"benchtop-router.com,/rw",/ky,"Mozilla/5.0 (Linux; Android 8.0.0; SM-G960F Build/R16NW) AppleWebKit/537.36 (KHTML, like Gecko) Chrome/62.0.3202",1301025612
51.75.255.125,True,443,"51.75.255.125,/scs/mail-static/js/",/mail/u/_/1/,Mozilla/5.0 (Windows NT 6.1; WOW64; Trident/7.0; rv:11.0) like Gecko,1582508172
139.162.76.207,True,443,"banweb.cityu.dev,/core/wp-includes/pol.php,cc12234.cityu.dev,/core/wp-includes/pol.php,lb23311.cityu.dev,/core/wp-includes/pol.php",/modules/mod_search.php,Mozilla/6.0 (Windows; U; MSIE 7.0; Windows NT 6.0) Java/1.5.0_08,1873433027
202.182.101.162,True,443,"202.182.101.162,/IE9CompatViewList.xml",/submit.php,Mozilla/5.0 (compatible; MSIE 9.0; Windows NT 6.1; WOW64; Trident/5.0; MANM),305419896
18.198.25.178,True,443,"vit.barersquare.com,/_/scs/mail-static/_/js/",/mail/u/0/,"Mozilla/5.0 (compatible, MSIE 11, Windows NT 6.3; Trident/7.0; rv:11.0) like Gecko",2019172119
134.209.200.91,True,443,"134.209.200.91,/jquery-3.3.1.min.js",/jquery-3.3.2.min.js,"Mozilla/5.0 (Windows NT 10.0; Win64; x64) AppleWebKit/537.36 (KHTML, like Gecko) Chrome/74.0.3729.157 Safari/537.36",1873433027
162.248.210.234,True,443,"wavetips.com,/us/ky/louisville/312-s-fourth-st.html",/OrderEntryService.asmx/AddOrderLine,"Mozilla/5.0 (Windows NT 6.1) AppleWebKit/537.36 (KHTML, like Gecko)",0
173.254.235.9,True,443,"lenview.com,/us/ky/louisville/312-s-fourth-st.html",/OrderEntryService.asmx/AddOrderLine,"Mozilla/5.0 (Windows NT 6.1) AppleWebKit/537.36 (KHTML, like Gecko)",0
103.39.18.172,True,443,"156.226.191.234,/_/scs/mail-static/_/js/,djiqowenlsakdj.com,/_/scs/mail-static/_/js/",/mail/u/0/,Mozilla/5.0 (compatible; MSIE 9.0; Windows NT 6.1; WOW64; Trident/5.0; MALCJS),305419896
74.118.138.25,True,443,"domways.com,/us/ky/louisville/312-s-fourth-st.html",/OrderEntryService.asmx/AddOrderLine,"Mozilla/5.0 (Windows NT 6.1) AppleWebKit/537.36 (KHTML, like Gecko)",0
157.230.81.209,True,443,"software-download.office.microsoft.com,/updates",/notification,Mozilla/5.0 (Windows NT 6.1; WOW64; Trident/7.0; rv:11.0) like Gecko,1398519427
139.224.164.192,True,443,"118.123.0.225,/api/getit,58.218.215.93,/api/getit,58.215.145.155,/api/getit,222.85.26.233,/api/getit,222.222.88.17,/api/getit",/api/postit,Mozilla/5.0 (compatible; MSIE 8.0; Windows NT 6.1; Trident/5.0),1711276032
134.209.5.246,True,443,"134.209.5.246,/visit.js",/submit.php,Mozilla/4.0 (compatible; MSIE 7.0; Windows NT 5.1; Trident/4.0),1584151116
106.55.153.204,True,443,"106.55.153.204,/en_US/all.js",/submit.php,Mozilla/5.0 (compatible; MSIE 9.0; Windows NT 6.1; WOW64; Trident/5.0; BOIE9;SVSE),0
95.217.197.78,True,443,"oomdatacollect.global.ssl.fastly.net,/pixel.gif",/submit.php,Mozilla/4.0 (compatible; MSIE 7.0; Windows NT 5.1),0
185.162.235.35,True,443,"185.162.235.35,/fwlink",/submit.php,Mozilla/5.0 (compatible; MSIE 10.0; Windows NT 6.2; Win64; x64; Trident/6.0),16777216
51.195.35.0,True,443,"51.195.35.0,/dpixel",/submit.php,Mozilla/5.0 (compatible; MSIE 9.0; Windows NT 6.1; WOW64; Trident/5.0; Avant Browser),305419896
18.193.138.37,True,443,"vit.barersquare.com,/_/scs/mail-static/_/js/",/mail/u/0/,"Mozilla/5.0 (compatible, MSIE 11, Windows NT 6.3; Trident/7.0; rv:11.0) like Gecko",2019172119
217.12.208.31,True,443,"217.12.208.31,/questions/32251816/c-sharp-directives-compilation-error",/questions/32251817/c-sharp-directives-compilation-error,"Mozilla/5.0 (Windows NT 6.1) AppleWebKit/537.36 (KHTML, like Gecko) Chrome/41.0.2228.0 Safari/537.36",305419896
35.192.90.50,True,443,"recovery.healthfitconnection.com,/ticket",/wwwboard,"Mozilla/5.0 (Linux; Android 6.0; HTC One X10 Build/MRA58K; wv) AppleWebKit/537.36 (KHTML, like Gecko) Version/4.0",262465763
23.106.160.152,True,443,"lookzero.com,/us/ky/louisville/312-s-fourth-st.html,cityfar.com,/us/ky/louisville/312-s-fourth-st.html",/OrderEntryService.asmx/AddOrderLine,"Mozilla/5.0 (Windows NT 6.1) AppleWebKit/537.36 (KHTML, like Gecko)",0
195.123.222.43,True,443,"duskeducate.com,/jquery-3.3.1.min.js",/jquery-3.3.2.min.js,Mozilla/5.0 (Windows NT 6.3; Trident/7.0; rv:11.0) like Gecko,0
174.129.144.179,True,443,"174.129.144.179,/fwlink",/submit.php,Mozilla/5.0 (compatible; MSIE 9.0; Windows NT 6.1; WOW64; Trident/5.0; MANM),0
91.229.23.63,True,443,"146.0.72.91,/j.ad,91.229.23.63,/updates.rss",/submit.php,Mozilla/4.0 (compatible; MSIE 5.0; Windows NT; DigExt; DTS Agent,0
128.199.7.196,True,443,"www.nytimes.com,/v2/preferences,nytimes.com,/v1/preferences",/api/v1/survey/embed,Microsoft BITS/7.8,2129510396
192.184.35.222,True,443,"exrap.com,/us/ky/louisville/312-s-fourth-st.html",/OrderEntryService.asmx/AddOrderLine,"Mozilla/5.0 (Windows NT 6.1) AppleWebKit/537.36 (KHTML, like Gecko)",0
20.36.203.162,True,443,"20.36.203.162,/fwlink",/submit.php,Mozilla/5.0 (compatible; MSIE 10.0; Windows NT 6.2; WOW64; Trident/6.0; Touch),1305001539
103.39.18.164,True,443,"156.226.191.234,/_/scs/mail-static/_/js/,djiqowenlsakdj.com,/_/scs/mail-static/_/js/",/mail/u/0/,Mozilla/5.0 (compatible; MSIE 9.0; Windows NT 6.1; WOW64; Trident/5.0; MALCJS),305419896
46.166.128.234,True,443,"46.166.128.234,/__utm.gif",/submit.php,Mozilla/5.0 (compatible; MSIE 9.0; Windows NT 6.1; Trident/5.0; MANM),352733121
172.96.160.218,True,443,"lenview.com,/us/ky/louisville/312-s-fourth-st.html",/OrderEntryService.asmx/AddOrderLine,"Mozilla/5.0 (Windows NT 6.1) AppleWebKit/537.36 (KHTML, like Gecko)",0
104.247.196.170,True,443,"clubuz.com,/us/ky/louisville/312-s-fourth-st.html",/OrderEntryService.asmx/AddOrderLine,"Mozilla/5.0 (Windows NT 6.1) AppleWebKit/537.36 (KHTML, like Gecko)",0
76.19.180.185,True,443,"software-download.microsoft.com,/CWoNaJLBo/VTNeWw11212/,download.visualstudio.microsoft.com,/CWoNaJLBo/VTNeWw11212/,mscrl.microsoft.com ,/CWoNaJLBo/VTNeWw11212/",/CWoNaJLBo/VTNeWw11213/,Mozilla/4.0 (compatible; MSIE 6.0;Windows NT 5.1),1921608705
139.60.162.19,True,443,"139.60.162.19,/pixel.gif",/submit.php,Mozilla/4.0 (compatible; MSIE 8.0; Windows NT 5.2; Trident/4.0; .NET CLR 2.0.50727),16777216
104.131.210.108,True,443,"mobilecdnprod.azureedge.net,/__utm.gif",/submit.php,Mozilla/5.0 (compatible; MSIE 9.0; Windows NT 6.1; WOW64; Trident/5.0),1596750723
5.189.184.60,True,443,"5.189.184.60,/skin",/RELEASE,"Mozilla/5.0 (Windows NT 10.0; Win64; x64) AppleWebKit/537.36 (KHTML, like Gecko) Chrome/42.0.2311.135 Safari/537.36 Edge/12.246",305419896
47.56.144.122,True,443,"47.56.144.122,/visit.js",/submit.php,Mozilla/5.0 (compatible; MSIE 9.0; Windows NT 6.1; WOW64; Trident/5.0; NP08; MAAU; NP08),305419896
23.106.160.37,True,443,"chasmlance.com,/es",/copyright,"Mozilla/5.0 (Windows NT 10.0; Win64; x64) AppleWebKit/537.36 (KHTML, like Gecko) Chrome/42.0.2311.135 Safari/537.36 Edge/12.246",0
23.106.215.32,True,443,"contedge.net,/jquery-3.3.1.min.js",/jquery-3.3.2.min.js,Mozilla/5.0 (Windows NT 6.3; Trident/7.0; rv:11.0) like Gecko,0
123.57.90.172,True,443,"123.57.90.172,/match",/submit.php,Mozilla/5.0 (compatible; MSIE 9.0; Windows NT 6.1; WOW64; Trident/5.0; MALC),305419896
45.33.27.73,True,443,"45.33.27.73,/en_US/all.js",/submit.php,Mozilla/4.0 (compatible; MSIE 8.0; Windows NT 5.1; Trident/4.0; InfoPath.1),1833616007
104.131.88.156,True,443,"wepay.com,/en-us/store/api/checkproductinwishlist",/u/0/_/og/botguard/get,Mozilla/5.0 (Windows NT 6.1; WOW64; Trident/7.0; rv:11.0) like Gecko,1787340055
172.241.27.244,True,443,"matesmapizza.com,/ptj",/submit.php,Mozilla/5.0 (compatible; MSIE 9.0; Windows NT 6.1; WOW64; Trident/5.0; NP06),1580103814
47.242.41.171,True,443,"cdn.sogou-update.com,/mg.css",/modcp,"Mozilla/5.0 (Windows NT 10.0; Win64; x64) AppleWebKit/537.36 (KHTML, like Gecko) Chrome/42.0.2311.135 Safari/537.36 Edge/12.246",305419896
103.39.18.176,True,443,"156.226.191.234,/_/scs/mail-static/_/js/,djiqowenlsakdj.com,/_/scs/mail-static/_/js/",/mail/u/0/,Mozilla/5.0 (compatible; MSIE 9.0; Windows NT 6.1; WOW64; Trident/5.0; MALCJS),305419896
39.108.159.100,True,443,"118.123.241.219,/coupon/centerpage,221.15.65.171,/coupon/centerpage,58.218.215.142,/coupon/centerpage,61.168.100.230,/coupon/centerpage,221.15.64.231,/coupon/centerpage,124.95.157.159,/coupon/centerpage,122.225.34.201,/coupon/centerpage",/shop/it11em.php,Mozilla/5.0 (Windows NT 10.0; rv:24.0) AppleWebKit/537.36 Firefox/24.0,1711276032
52.156.65.179,True,443,"ebanking.maiwandbank.net,/jquery-3.3.1.min.js",/jquery-3.3.2.min.js,Mozilla/5.0 (Windows NT 6.3; Trident/7.0; rv:11.0) like Gecko,0
15.188.88.72,True,443,"tmestoragetest.azureedge.net,/obj_",/upload,"Mozilla/5.0 (Windows NT 10.0; Win64; x64) AppleWebKit/537.36 (KHTML, like Gecko) Chrome/79.0.3945.130 Safari/537.36",1180042857
179.43.156.87,True,443,"cloudfrontapis.net,/us/ky/louisville/312-s-fourth-st.html",/OrderEntryService.asmx/AddOrderLine,"Mozilla/5.0 (Windows NT 6.1) AppleWebKit/537.36 (KHTML, like Gecko)",0
172.82.148.202,True,443,"resnote.com,/us/ky/louisville/312-s-fourth-st.html,172.82.148.202,/us/ky/louisville/312-s-fourth-st.html",/OrderEntryService.asmx/AddOrderLine,"Mozilla/5.0 (Windows NT 6.1) AppleWebKit/537.36 (KHTML, like Gecko)",0
31.44.184.73,True,443,"31.44.184.73,/dot.gif",/submit.php,Mozilla/4.0 (compatible; MSIE 7.0; Windows NT 6.0),0
104.243.41.123,True,443,"cuphq.com,/visit.js,104.243.41.123,/fwlink",/submit.php,Mozilla/5.0 (compatible; MSIE 10.0; Windows NT 6.2; Win64; x64; Trident/6.0; Avant Browser),0
106.15.197.67,True,443,"106.15.197.67,/jquery-3.3.1.min.js",/jquery-3.3.2.min.js,Mozilla/5.0 (Windows NT 6.3; Trident/7.0; rv:11.0) like Gecko,305419896
103.39.18.187,True,443,"156.226.191.234,/_/scs/mail-static/_/js/,djiqowenlsakdj.com,/_/scs/mail-static/_/js/",/mail/u/0/,Mozilla/5.0 (compatible; MSIE 9.0; Windows NT 6.1; WOW64; Trident/5.0; MALCJS),305419896
38.100.141.131,True,443,"ecnads1.msn.com,/api2/json/access/ticket",/gp/aw/ybh/handlers,Mozilla/5.0 (Windows NT 6.1; WOW64; Trident/7.0; rv:11.0) like Gecko,385211474
52.59.229.56,True,443,"vit.barersquare.com,/_/scs/mail-static/_/js/",/mail/u/0/,"Mozilla/5.0 (compatible, MSIE 11, Windows NT 6.3; Trident/7.0; rv:11.0) like Gecko",2019172119
23.106.160.133,True,443,"rollfx.com,/us/ky/louisville/312-s-fourth-st.html",/OrderEntryService.asmx/AddOrderLine,"Mozilla/5.0 (Windows NT 6.1) AppleWebKit/537.36 (KHTML, like Gecko)",0
195.123.208.180,True,443,"provedauto.com,/jquery-3.3.1.min.js",/jquery-3.3.2.min.js,Mozilla/5.0 (Windows NT 6.3; Trident/7.0; rv:11.0) like Gecko,555758901
202.61.87.136,True,443,"202.61.87.136,/visit.js",/submit.php,Mozilla/5.0 (compatible; MSIE 9.0; Windows NT 6.1; WOW64; Trident/5.0),1873433027
182.92.122.148,True,443,"182.92.122.148,/ga.js",/submit.php,Mozilla/5.0 (compatible; MSIE 9.0; Windows NT 6.1; WOW64; Trident/5.0; yie9),305419896
165.227.85.160,True,443,"165.227.85.160,/__utm.gif",/submit.php,Mozilla/4.0 (compatible; MSIE 8.0; Windows NT 5.1; Trident/4.0),305419896
91.229.77.41,True,443,"hsadts.global.ssl.fastly.net,/visit.js",/submit.php,Mozilla/5.0 (compatible; MSIE 9.0; Windows Phone OS 7.5; Trident/5.0; IEMobile/9.0; LG; LG-E906),0
79.141.160.21,True,443,"zerocdn.net,/static/fetch.umd.min.js",/submit/analytics/fetch.js,"Mozilla/5.0 (Windows NT 10.0; Win64; x64) AppleWebKit/537.36 (KHTML, like Gecko) Chrome/84.0.4147.89 Safari/537.36",0
54.214.197.200,True,443,"pnwcontent-delivery.com,/updates.rss",/submit.php,Mozilla/4.0 (compatible; MSIE 7.0; Windows NT 5.1; Trident/4.0),775423106
149.28.95.180,True,443,"149.28.95.180,/en_US/all.js",/submit.php,Mozilla/5.0 (compatible; MSIE 9.0; Windows NT 6.1; WOW64; Trident/5.0; MAAU),1873433027
162.244.81.253,True,443,"assets.outlook.com,/go.html",/today.html,"Microsoft Office/16.0 (Microsoft Outlook 16.0.12329; Pro), Mozilla/4.0 (compatible; ms-office; MSOffice 16)",555758901
142.93.152.156,True,443,"onrnicrosoft.com,/thisisnotevil.gif",/send,"Mozilla/5.0 (Windows NT 10.0; Win64; x64) AppleWebKit/537.36 (KHTML, like Gecko) Chrome/81.0.4044.138 Safari/537.36",1524766813
98.142.143.100,True,443,"d3kgm44zuz83i3.cloudfront.net,/access/",/radio/xmlrpc/v35,"Mozilla/5.0 (Windows NT 6.3; WOW64) AppleWebKit/537.36 (KHTML, like Gecko) Chrome/40.0.2214.115 Safari/537.36",305419896
213.252.247.66,True,443,"xe.kinhgfderthjertfvgyhjhgfdsd.com,/s/ref=nb_sb_noss_1/167-3294888-0262949/field-keywords=books,re.kinhgfderthjertfvgyhjhgfdsd.com,/s/ref=nb_sb_noss_1/167-3294888-0262949/field-keywords=books",/N4215/adj/amzn.us.sr.aps,Mozilla/5.0 (Windows NT 6.1; WOW64; Trident/7.0; rv:11.0) like Gecko,0
23.106.160.195,True,443,"topevi.com,/us/ky/louisville/312-s-fourth-st.html",/OrderEntryService.asmx/AddOrderLine,"Mozilla/5.0 (Windows NT 6.1) AppleWebKit/537.36 (KHTML, like Gecko)",0
3.139.231.113,True,443,"3.139.231.113,/ky",/lv,"Mozilla/5.0 (Windows NT 6.1; WOW64) AppleWebKit/537.36 (KHTML, like Gecko) Chrome/47.0.2526.111 Safari/537.36",743840870
31.187.64.199,True,443,"d30qpb9e10re4o.cloudfront.net,/gen_204eiT6EX_r4F3fqwHI9boDg,dzep7n1lqmr18.cloudfront.net,/gen_204eiT6EX_r4F3fqwHI9boDg,d2qbce1fkipgyc.cloudfront.net,/gen_204eiT6EX_r4F3fqwHI9boDg,nix1.xyz,/gen_204eiT6EX_r4F3fqwHI9boDg",/_/VisualFrontendUi/data/batchexecute,Mozilla/5.0 (Macintosh; Intel Mac OS X 15.0;) Gecko/20100101 Firefox/637.0,0
103.39.18.186,True,443,"156.226.191.234,/_/scs/mail-static/_/js/,djiqowenlsakdj.com,/_/scs/mail-static/_/js/",/mail/u/0/,Mozilla/5.0 (compatible; MSIE 9.0; Windows NT 6.1; WOW64; Trident/5.0; MALCJS),305419896
3.231.164.70,True,443,"k8s.containerkubernetes.com,/mk",/br,"Mozilla/5.0 (Windows Phone 10.0; Android 6.0.1; Microsoft; RM-1152) AppleWebKit/537.36 (KHTML, like Gecko)",414736636
155.138.164.216,True,443,"chmowd.xyz,/MicrosoftUpdate/ShellEx/KB242742/default.aspx",/MicrosoftUpdate/GetUpdate/KB,Mozilla/5.0 (compatible; MSIE 9.0; Windows NT 6.1; Trident/5.0; Xbox),305419896
13.211.255.53,True,443,"ec2-13-211-255-53.ap-southeast-2.compute.amazonaws.com,/oscp/,ec2-54-253-227-154.ap-southeast-2.compute.amazonaws.com,/oscp/",/oscp/a/,Microsoft-CryptoAPI/6.1,105224470
185.227.82.66,True,443,"185.227.82.66,/push",/submit.php,Mozilla/5.0 (compatible; MSIE 9.0; Windows NT 6.1; Trident/5.0; BOIE9;ENUSMSCOM),305419896
103.39.18.168,True,443,"156.226.191.234,/_/scs/mail-static/_/js/,djiqowenlsakdj.com,/_/scs/mail-static/_/js/",/mail/u/0/,Mozilla/5.0 (compatible; MSIE 9.0; Windows NT 6.1; WOW64; Trident/5.0; MALCJS),305419896
104.194.10.55,True,443,"inksim.com,/us/ky/louisville/312-s-fourth-st.html",/OrderEntryService.asmx/AddOrderLine,"Mozilla/5.0 (Windows NT 6.1) AppleWebKit/537.36 (KHTML, like Gecko)",0
103.39.18.163,True,443,"156.226.191.234,/_/scs/mail-static/_/js/,djiqowenlsakdj.com,/_/scs/mail-static/_/js/",/mail/u/0/,Mozilla/5.0 (compatible; MSIE 9.0; Windows NT 6.1; WOW64; Trident/5.0; MALCJS),305419896
45.32.52.188,True,443,"45.32.52.188,/settings",/collect/v1,"Mozilla/5.0 (Windows NT 6.1; Win64; x64) AppleWebKit/537.36 (KHTML, like Gecko) Chrome/77.0.3865.75 Safari/537.36",1873433027
54.174.1.56,True,443,"917373240,/jquery-3.3.1.min.js,74736b2d677265656e656e657267792e636f6d,/jquery-3.3.1.min.js",/jquery-3.3.2.min.js,Mozilla/5.0 (Windows NT 6.3; Trident/7.0; rv:11.0) like Gecko,305419896
34.67.206.111,True,443,"cnn.com,/index.html",/secure/upload,Mozilla/5.0 (Windows NT 6.3; Trident/7.0; rv:11.0) like Gecko,2011934969
45.58.116.242,True,443,"withfix.com,/us/ky/louisville/312-s-fourth-st.html",/OrderEntryService.asmx/AddOrderLine,"Mozilla/5.0 (Windows NT 6.1) AppleWebKit/537.36 (KHTML, like Gecko)",0
8.210.253.122,True,443,"8.210.253.122,/IE9CompatViewList.xml",/submit.php,Mozilla/5.0 (compatible; MSIE 9.0; Windows NT 6.1; Trident/5.0; ; NCLIENT50_AAPCDA5841E333),305419896
156.226.191.238,True,443,"156.226.191.234,/_/scs/mail-static/_/js/,djiqowenlsakdj.com,/_/scs/mail-static/_/js/",/mail/u/0/,Mozilla/5.0 (compatible; MSIE 9.0; Windows NT 6.1; WOW64; Trident/5.0; MALCJS),305419896
3.135.47.125,True,443,"DailyHealthGuide.org,/jquery-3.3.1.min.js",/jquery-3.3.2.min.js,Mozilla/5.0 (Windows NT 6.3; Trident/7.0; rv:11.0) like Gecko,733920388
129.28.201.96,True,443,"129.28.201.96,/geo/collect/v1",/collect/v1,Mozilla/5.0 (Windows NT 6.1; WOW64; Trident/7.0; rv:11.0;) like Gecko,305419896
144.217.207.21,True,443,"52.188.209.63,/cm",/submit.php,Mozilla/5.0 (compatible; MSIE 9.0; Windows NT 6.1; Trident/5.0; FunWebProducts; IE0006_ver1;EN_GB),555758901
134.209.92.85,True,443,"134.209.92.85,/s/ref=nb_sb_noss_1/167-3294888-0262949/field-keywords=books",/N4215/adj/amzn.us.sr.aps,Mozilla/5.0 (Windows NT 6.1; WOW64; Trident/7.0; rv:11.0) like Gecko,431177299
5.2.67.9,True,443,"az.360footwears.com,/tab_home,sx.360footwears.com,/dz,dc.360footwears.com,/tab_home",/modules,"Mozilla/5.0 (iPhone; CPU iPhone OS 12_0 like Mac OS X) AppleWebKit/605.1.15 (KHTML, like Gecko) Version/12.0",0
103.73.97.119,True,443,"103.73.97.119,/updates",/aero1/fly.json,Mozilla/5.0 (Windows NT 6.1; rv:24.0) Gecko/20100101 Firefox/24.0,1873433027
194.124.66.203,True,443,"googleanalysis.cf,/j.ad",/submit.php,Mozilla/5.0 (compatible; MSIE 10.0; Windows NT 6.2; Win64; x64; Trident/6.0),0
62.236.206.5,True,443,"62.236.206.5,/cx",/submit.php,Mozilla/5.0 (compatible; MSIE 9.0; Windows NT 6.1; Trident/5.0; BOIE9;ENXA),829629313
103.114.162.7,True,443,"62.236.206.5,/cx",/submit.php,Mozilla/5.0 (compatible; MSIE 9.0; Windows NT 6.1; Trident/5.0; BOIE9;ENXA),829629313
159.89.13.234,True,443,"yelp.com,/wp-includes/js/script/indigo-migrate",/api2/json/check/ticket,Mozilla/5.0 (Windows NT 6.1; WOW64; Trident/7.0; rv:11.0) like Gecko,1475251412
77.123.155.74,True,443,"77.123.155.74,/owa/",/OWA/,"Mozilla/5.0 (Windows NT 6.1) AppleWebKit/537.36 (KHTML, like Gecko)",305419896
23.106.160.138,True,443,"amajai-technologies.world,/load",/submit.php,Mozilla/4.0 (compatible; MSIE 7.0; Windows NT 5.1; .NET CLR 1.1.4322),305419896
167.99.200.45,True,443,"outlook-1.azureedge.net,/static/css/main.d22d3525.chunk.css",/owamail/calendar/service.svc,"Mozilla/5.0 (Windows NT 10.0; Win64; x64) AppleWebKit/537.36 (KHTML, like Gecko) Chrome/84.0.4147.105 Safari/537.36",838763309
52.89.33.58,True,443,"secure.mllnm.com,/visit.js",/submit.php,Mozilla/4.0 (compatible; MSIE 7.0; Windows NT 6.0),774874666
103.254.75.240,True,443,"103.254.75.240,/load",/submit.php,Mozilla/4.0 (compatible; MSIE 7.0; Windows NT 5.1; Trident/4.0; .NET CLR 1.1.4322),1873433027
35.192.148.130,True,443,"35.192.148.130,/j.ad",/submit.php,Mozilla/4.0 (compatible; MSIE 7.0; Windows NT 5.1),16777216
45.199.110.164,True,443,"wyx.3utilities.com,/c/msdownload/update/others/2016/12/29136388_",/c/msdownload/update/others/2016/12/3215234_,Windows-Update-Agent/10.0.10011.16384 Client-Protocol/1.40,305419896
108.177.235.22,True,443,"108.177.235.22,/fwlink",/submit.php,Mozilla/5.0 (compatible; MSIE 9.0; Windows NT 6.1; Trident/5.0),0
3.137.139.119,True,443,"service.office247.tech,/cx",/submit.php,Mozilla/5.0 (compatible; MSIE 9.0; Windows NT 6.1; WOW64; Trident/5.0; NP08; MAAU; NP08),305419896
18.163.124.204,True,443,"www.githongkong.com,/__utm.gif",/___utm.gif,Mozilla/5.0 (compatible; MSIE 9.0; Windows NT 6.1; WOW64; Trident/5.0; MAAU),305419896
185.14.30.217,True,443,"185.14.30.217,/s/ref=nb_sb_noss_1/167-3294888-0262949/field-keywords=books",/N4215/adj/amzn.us.sr.aps,Mozilla/5.0 (Windows NT 6.1; WOW64; Trident/7.0; rv:11.0) like Gecko,0
45.141.84.32,True,443,"45.141.84.32,/IE9CompatViewList.xml",/submit.php,Mozilla/5.0 (compatible; MSIE 10.0; Windows NT 6.2; WOW64; Trident/6.0; ASU2JS),305419896
167.99.197.196,True,443,"myredirector1.live,/c/msdownload/update/others/2020/10/29136388_,myredirector2.live,/c/msdownload/update/others/2020/10/29136388_",/c/msdownload/update/others/2020/10/28986731_,Mozilla/4.0 (compatible; MSIE 8.0; Windows NT 5.1; Trident/4.0),1556462172
45.32.136.204,True,443,"45.32.136.204,/jquery-3.3.1.min.js,axiommortgagebankers.com,/jquery-3.3.1.min.js",/jquery-3.3.2.min.js,Mozilla/5.0 (Windows NT 6.3; Trident/7.0; rv:11.0) like Gecko,523632790
209.222.101.153,True,443,"mixdir.com,/us/ky/louisville/312-s-fourth-st.html",/OrderEntryService.asmx/AddOrderLine,"Mozilla/5.0 (Windows NT 6.1) AppleWebKit/537.36 (KHTML, like Gecko)",0
23.81.246.24,True,443,"repshd.com,/us/ky/louisville/312-s-fourth-st.html,pinglis.com,/us/ky/louisville/312-s-fourth-st.html,stargut.com,/us/ky/louisville/312-s-fourth-st.html",/OrderEntryService.asmx/AddOrderLine,"Mozilla/5.0 (Windows NT 6.1) AppleWebKit/537.36 (KHTML, like Gecko)",0
45.195.158.36,True,443,"45.195.158.36,/updates",/hello/flash.php,Mozilla/5.0 (Windows NT 6.1; rv:24.0) Gecko/20100101 Firefox/24.0,305419896
185.232.52.41,True,443,"185.232.52.41,/g.pixel",/submit.php,Mozilla/5.0 (compatible; MSIE 9.0; Windows NT 6.1; Trident/5.0; Xbox),16777216
193.34.166.124,True,443,"ntservicespack.com,/load",/submit.php,Mozilla/5.0 (compatible; MSIE 10.0; Windows NT 6.2; Win64; x64; Trident/6.0),305419896
182.254.180.180,True,443,"182.254.180.180,/dpixel",/submit.php,Mozilla/5.0 (compatible; MSIE 9.0; Windows NT 6.1; WOW64; Trident/5.0; BOIE9;SVSE),0
207.148.29.168,True,443,"207.148.29.168,/s/ref=nb_sb_noss_1/167-3294888-0262949/field-keywords=books",/N4215/adj/amzn.us.sr.aps,Mozilla/5.0 (Windows NT 6.1; WOW64; Trident/7.0; rv:11.0) like Gecko,1859792953
213.252.247.202,True,443,"a.dnspod.com,/s/ref=nb_sb_noss_1/167-3294888-0262949/field-keywords=books,c.dnspod.com,/s/ref=nb_sb_noss_1/167-3294888-0262949/field-keywords=books",/N4215/adj/amzn.us.sr.aps,Mozilla/5.0 (Windows NT 6.1; WOW64; Trident/7.0; rv:11.0) like Gecko,0
18.180.199.201,True,443,"52.192.37.241,/cx",/submit.php,Mozilla/5.0 (compatible; MSIE 9.0; Windows NT 6.1; WOW64; Trident/5.0; BOIE9;SVSE),305419896
23.106.223.172,True,443,"resfox.com,/us/ky/louisville/312-s-fourth-st.html",/OrderEntryService.asmx/AddOrderLine,"Mozilla/5.0 (Windows NT 6.1) AppleWebKit/537.36 (KHTML, like Gecko)",0
193.34.166.89,True,443,"193.34.166.89,/en_US/all.js",/submit.php,Mozilla/4.0 (compatible; MSIE 8.0; Windows NT 5.1; Trident/4.0),0
23.108.57.27,True,443,"104.243.46.74,/IE9CompatViewList.xml",/submit.php,Mozilla/5.0 (compatible; MSIE 9.0; Windows NT 6.0; WOW64; Trident/5.0),0
18.189.12.168,True,443,"jquery.alrowadclinic.com,/jquery-3.3.1.min.js",/jquery-3.3.2.min.js,Mozilla/5.0 (Windows NT 6.3; Trident/7.0; rv:11.0) like Gecko,826147540
185.150.190.113,True,443,"topevi.com,/us/ky/louisville/312-s-fourth-st.html",/OrderEntryService.asmx/AddOrderLine,"Mozilla/5.0 (Windows NT 6.1) AppleWebKit/537.36 (KHTML, like Gecko)",0
35.176.207.20,True,443,"35.176.207.20,/c/msdownload/update/others/2016/12/29136388_",/c/msdownload/update/others/2016/12/3215234_,Windows-Update-Agent/10.0.10011.16384 Client-Protocol/1.40,405324862
103.39.18.178,True,443,"156.226.191.234,/_/scs/mail-static/_/js/,djiqowenlsakdj.com,/_/scs/mail-static/_/js/",/mail/u/0/,Mozilla/5.0 (compatible; MSIE 9.0; Windows NT 6.1; WOW64; Trident/5.0; MALCJS),305419896
142.11.237.226,True,443,"qw.hashsystem.xyz,/RELEASE,as.hashsystem.xyz,/RELEASE,xz.hashsystem.xyz,/RELEASE",/es,"Mozilla/5.0 (iPhone; CPU iPhone OS 12_0 like Mac OS X) AppleWebKit/605.1.15 (KHTML, like Gecko) Version/12.0",0
162.254.204.222,True,443,"mstronestia.me,/maps/overlaybfpr",/fd/ls/lsp.aspx,"Mozilla/5.0 (Windows NT 10.0; Win64; x64) AppleWebKit/537.36 (KHTML, like Gecko) Chrome/74.0.3729.169 Safari/537.36",0
3.250.193.216,True,443,"ehrclient-canary.teams.microsoft.com,/s/ref=nb_sb_noss_1/698-71218292-1534620/field-keywords=point",/N5819/adj/amzn.us.sr.aps,"Mozilla/5.0 (compatible, MSIE 11, Windows NT 6.3; Trident/7.0; rv:11.0) like Gecko",623771681
104.238.205.115,True,443,"resfox.com,/us/ky/louisville/312-s-fourth-st.html",/OrderEntryService.asmx/AddOrderLine,"Mozilla/5.0 (Windows NT 6.1) AppleWebKit/537.36 (KHTML, like Gecko)",0
47.242.140.1,True,443,"36.102.212.68,/mt,221.236.11.67,/modcp,58.218.215.93,/mt,118.123.241.208,/modcp,222.222.88.77,/mobile-home,121.9.212.217,/mt,175.6.235.200,/mobile-home,118.123.241.208,/modcp,121.9.212.217,/mt,125.37.206.224,/mt,58.218.215.129,/modcp",/Admin,"Mozilla/5.0 (Windows NT 6.1) AppleWebKit/587.38 (KHTML, like Gecko) Chrome/41.0.2228.0 Safari/537.36",0
104.168.140.127,True,443,"qw.run-upgrade.monster,/avatars.js,as.run-upgrade.monster,/fam_newspaper.js,zx.run-upgrade.monster,/avatars.js",/templates,"Mozilla/5.0 (Windows NT 6.1; WOW64) AppleWebKit/537.36 (KHTML, like Gecko) Chrome/47.0.2526.111 Safari/537.36",305419896
101.32.186.10,True,443,"cs.lg22l.com,/Content",/br,"Mozilla/5.0 (iPhone; CPU iPhone OS 12_0 like Mac OS X) AppleWebKit/605.1.15 (KHTML, like Gecko) Version/12.0",305419896
66.228.39.123,True,443,"lsass.services,/idle/1376547834/1",/send/1376547834/,Shockwave Flash,0
45.77.23.203,True,443,"45.77.23.203,/cm",/submit.php,Mozilla/4.0 (compatible; MSIE 7.0; Windows NT 5.1),305419896
3.95.159.27,True,443,"sharkfishinguk.com,/jquery-1.12.1.min.js",/jquery-1.12.2.min.js,"Mozilla/5.0 (Windows NT 10.0; Win64; x64) AppleWebKit/537.36 (KHTML, like Gecko) Safari/537.36 Edg/80.0.361.62",701850002
100.24.69.72,True,443,"one.vhy.me,/__utm.gif",/___utm.gif,Mozilla/5.0 (Windows NT 6.1; WOW64; Trident/7.0; rv:11.0) like Gecko,1363933851
104.238.205.63,True,443,"dealeva.com,/CWoNaJLBo/VTNeWw11212/",/CWoNaJLBo/VTNeWw11213/,Mozilla/4.0 (compatible; MSIE 6.0;Windows NT 5.1),0
95.179.190.111,True,443,"securityreserch86.net,/s/ref=nb_sb_noss_1/167-3294888-0262949/field-keywords=books",/N4215/adj/amzn.us.sr.aps,Mozilla/5.0 (Windows NT 6.1; WOW64; Trident/7.0; rv:11.0) like Gecko,305419896
52.59.168.192,True,443,"rijkzijn.nl,/vlk/grants,uwprivatebank.nl,/vlk/grants,systest.nl,/vlk/grants",/vlk/xmlrpc/v2,Mozilla/5.0 (Windows NT 6.1; WOW64; Trident/7.0; rv:11.0) like Gecko,1748429673
45.64.186.249,True,443,"45.64.186.249,/static/v3/logo2.gif",/static/v3/logo1.gif,Mozilla/5.0 (Windows; U; MSIE 7.0; Windows NT 5.2) Java/1.5.0_08,1873433027
78.108.180.43,True,443,"chromeupdates.best,/login",/Config,"Mozilla/5.0 (Windows NT 6.1) AppleWebKit/587.38 (KHTML, like Gecko) Chrome/41.0.227.0 Safari/536.3",0
103.39.18.170,True,443,"156.226.191.234,/_/scs/mail-static/_/js/,djiqowenlsakdj.com,/_/scs/mail-static/_/js/",/mail/u/0/,Mozilla/5.0 (compatible; MSIE 9.0; Windows NT 6.1; WOW64; Trident/5.0; MALCJS),305419896
18.180.45.136,True,443,"18.180.45.136,/dot.gif",/submit.php,Mozilla/4.0 (compatible; MSIE 8.0; Windows NT 5.1; Trident/4.0; InfoPath.2),305419896
35.158.226.16,True,443,"rijkzijn.nl,/vlk/grants,uwprivatebank.nl,/vlk/grants,systest.nl,/vlk/grants",/vlk/xmlrpc/v2,Mozilla/5.0 (Windows NT 6.1; WOW64; Trident/7.0; rv:11.0) like Gecko,1748429673
69.1.55.195,True,443,"24.35.34.132,/access/",/radio/xmlrpc/v35,Mozilla/5.0 (Windows NT 6.1; Win64; x64; rv:5.0) Gecko/20100101 Firefox/5.0,649944377
209.222.98.45,True,443,"exrap.com,/us/ky/louisville/312-s-fourth-st.html",/OrderEntryService.asmx/AddOrderLine,"Mozilla/5.0 (Windows NT 6.1) AppleWebKit/537.36 (KHTML, like Gecko)",0
156.226.191.234,True,443,"156.226.191.234,/_/scs/mail-static/_/js/,djiqowenlsakdj.com,/_/scs/mail-static/_/js/",/mail/u/0/,Mozilla/5.0 (compatible; MSIE 9.0; Windows NT 6.1; WOW64; Trident/5.0; MALCJS),305419896
81.70.213.71,True,443,"81.70.213.71,/wp-content/themes/calliope/wp_data.php",/jquery-3.3.2.min.js,"Mozilla/5.0 (Windows NT 6.3; Win64; x64) AppleWebKit/537.36 (KHTML, like Gecko) Chrome/79.0.3945.88 Safari/537.36",16777216
95.217.197.67,True,443,"oomdatacollect.global.ssl.fastly.net,/pixel.gif",/submit.php,Mozilla/4.0 (compatible; MSIE 7.0; Windows NT 5.1),0
104.131.125.114,True,443,"ajax.microsoft.com,/api2/json/cluster/resources,amp.azure.net,/api2/json/cluster/resources,global.asazure.windows.net,/wp-content/themes/am43-6/dist/records",/ev/prd001001,Mozilla/5.0 (Windows NT 6.1; WOW64; Trident/7.0; rv:11.0) like Gecko,307692444
149.129.63.219,True,443,"149.129.63.219,/pixel.gif",/submit.php,Mozilla/5.0 (compatible; MSIE 9.0; Windows NT 6.0; WOW64; Trident/5.0),305419896
213.135.78.244,True,443,"213.135.78.244,/hr.css",/sitemap,"Mozilla/5.0 (Windows NT 6.1; WOW64) AppleWebKit/537.36 (KHTML, like Gecko) Chrome/47.0.2526.111 Safari/537.36",16777216
158.247.204.245,True,443,"158.247.204.245,/_/scs/mail-static/_/js/",/mail/u/0/,"Mozilla/5.0 (Windows NT 10.0; Win64; x64) AppleWebKit/537.36 (KHTML, like Gecko) Chrome/84.0.4147.135 Safari/537.36",305419896
164.90.146.168,True,443,"164.90.146.168,/sxn/start,167.71.230.48,/sxn/start",/dd/met7,Mozilla/5.0 (Windows NT 6.3; Trident/7.0; rv:11.0) like Gecko,305419896
103.39.18.189,True,443,"156.226.191.234,/_/scs/mail-static/_/js/,djiqowenlsakdj.com,/_/scs/mail-static/_/js/",/mail/u/0/,Mozilla/5.0 (compatible; MSIE 9.0; Windows NT 6.1; WOW64; Trident/5.0; MALCJS),305419896
103.39.18.181,True,443,"156.226.191.234,/_/scs/mail-static/_/js/,djiqowenlsakdj.com,/_/scs/mail-static/_/js/",/mail/u/0/,Mozilla/5.0 (compatible; MSIE 9.0; Windows NT 6.1; WOW64; Trident/5.0; MALCJS),305419896
160.19.50.182,True,443,"www.jquery-corp.ga,/s/ref=nb_sb_noss_1/167-3294888-0262949/field-keywords=books",/N4215/adj/amzn.us.sr.aps,Mozilla/5.0 (Windows NT 6.1; WOW64; Trident/7.0; rv:11.0) like Gecko,1711276032
172.241.27.57,True,443,"zipflag.com,/us/ky/louisville/312-s-fourth-st.html",/OrderEntryService.asmx/AddOrderLine,"Mozilla/5.0 (Windows NT 6.1) AppleWebKit/537.36 (KHTML, like Gecko)",0
103.39.18.190,True,443,"156.226.191.234,/_/scs/mail-static/_/js/,djiqowenlsakdj.com,/_/scs/mail-static/_/js/",/mail/u/0/,Mozilla/5.0 (compatible; MSIE 9.0; Windows NT 6.1; WOW64; Trident/5.0; MALCJS),305419896
103.114.162.182,True,443,"156.226.191.234,/_/scs/mail-static/_/js/,djiqowenlsakdj.com,/_/scs/mail-static/_/js/",/mail/u/0/,Mozilla/5.0 (compatible; MSIE 9.0; Windows NT 6.1; WOW64; Trident/5.0; MALCJS),305419896
185.191.32.180,True,443,"185.191.32.180,/visit.js",/submit.php,Mozilla/5.0 (compatible; MSIE 10.0; Windows NT 6.2; WOW64; Trident/6.0; Touch; MASPJS),305419896
202.182.96.238,True,443,"coivotek.livehost.live,/access/",/radio/xmlrpc/v35,Mozilla/5.0 (Windows NT 6.1; WOW64; Trident/7.0; rv:11.0) like Gecko,1873433027
209.249.134.14,True,443,"downloads.daytonaneurosurgery.com,/login",/api/chat.postMessage,"Mozilla/5.0 (Windows NT 10.0; Win64; x64) AppleWebKit/537.36 (KHTML, like Gecko) Chrome/76.0.3809.100 Safari/537.36",425324192
198.13.55.13,True,443,"198.13.55.13,/ga.js",/submit.php,Mozilla/5.0 (compatible; MSIE 9.0; Windows NT 6.1; WOW64; Trident/5.0; FunWebProducts),305419896
161.35.38.97,True,443,"jscript-cdn.azureedge.net,/npm/fullpage.js@2.9.4/dist/jquery.fullpage.min.css",/sites/p/b93/googleanalytics/track,"Mozilla/5.0 (Windows NT 10.0; Win64; x64) AppleWebKit/537.36 (KHTML, like Gecko) Chrome/99.0.3396.99 Safari/537.36",188971025
80.85.86.243,True,443,"xn--clearscoe-7fe.com,/jquery-3.3.1.min.js",/jquery-3.3.2.min.js,Mozilla/5.0 (Windows NT 6.3; Trident/7.0; rv:11.0) like Gecko,1997347791
51.178.83.41,True,443,"top.jimwilkens.com,/s/ref=nb_sb_noss_1/167-3294888-0262949/field-keywords=books",/N4215/adj/amzn.us.sr.aps,Mozilla/5.0 (Windows NT 6.1; WOW64; Trident/7.0; rv:11.0) like Gecko,3
3.26.14.83,True,443,"ec2-13-211-255-53.ap-southeast-2.compute.amazonaws.com,/oscp/,ec2-54-253-227-154.ap-southeast-2.compute.amazonaws.com,/oscp/",/oscp/a/,Microsoft-CryptoAPI/6.1,105224470
3.137.217.140,True,443,"3.137.217.140,/dot.gif",/submit.php,Mozilla/5.0 (compatible; MSIE 9.0; Windows NT 6.0; Trident/5.0; BOIE9;ENUSMSNIP),321620935
106.12.152.28,True,443,"106.12.152.28,/updates.rss",/submit.php,Mozilla/5.0 (compatible; MSIE 9.0; Windows Phone OS 7.5; Trident/5.0; IEMobile/9.0; LG; LG-E906),305419896
45.33.77.77,True,443,"lsass.cloud,/pixel",/submit.php,Mozilla/4.0 (compatible; MSIE 8.0; Windows NT 5.1; Trident/4.0; .NET CLR 2.0.50727),0
104.194.11.160,True,443,"avetool.com,/us/ky/louisville/312-s-fourth-st.html",/OrderEntryService.asmx/AddOrderLine,"Mozilla/5.0 (Windows NT 6.1) AppleWebKit/537.36 (KHTML, like Gecko)",0
47.92.0.132,True,443,"125.94.49.248,/static/superman/img/topnav/baiduyun.png,122.193.130.103,/static/superman/img/topnav/baiduyun.png,124.236.20.211,/static/superman/img/topnav/baiduyun.png,140.249.61.183,/static/superman/img/topnav/baiduyun.png",/search/index,"Mozilla/5.0 (Windows NT 10.0; Win64; x64) AppleWebKit/537.36 (KHTML, like Gecko) Chrome/84.0.4147.125 Safari/537.36",0
172.93.165.241,True,443,"172.93.165.241,/jquery-3.3.1.min.js",/jquery-3.3.2.min.js,Mozilla/5.0 (Windows VN 6.3; Trident/7.0; rv:11.0) like Gecko,0
157.230.184.142,True,443,"157.230.184.142,/5aq/XP/SY75Qyw.htm",/RCg/vp6rBcQ.htm,Mozilla/4.0 (compatible; MSIE 7.0; Windows NT 6.1; WOW64; Trident/4.0; SLCC2; .NET CLR 3.0.30729; .NET4.0C; .NET4.0E ),555758901
217.12.208.251,True,443,"217.12.208.251,/jquery-3.3.1.min.js",/jquery-3.3.2.min.js,Mozilla/5.0 (Windows NT 6.3; Trident/7.0; rv:11.0) like Gecko,305419896
103.30.40.226,True,443,"103.30.40.226,/images/logo.png",/user/CheckLogin,"Mozilla/5.0 (Windows NT 10.0; Win64; x64) AppleWebKit/537.36 (KHTML, like Gecko) Chrome/80.0.3987.87 Safari/537.36",305419896
185.189.151.107,True,443,"185.189.151.107,/skin",/fr,"Mozilla/5.0 (Windows NT 6.1; WOW64) AppleWebKit/537.36 (KHTML, like Gecko) Chrome/47.0.2526.111 Safari/537.36",373557059
139.59.230.84,True,443,"139.59.230.84,/g.pixel",/submit.php,Mozilla/5.0 (compatible; MSIE 9.0; Windows NT 6.1; Trident/5.0; NP07; NP07),305419896
172.82.179.170,True,443,"foxreps.com,/us/ky/louisville/312-s-fourth-st.html,novause.com,/us/ky/louisville/312-s-fourth-st.html",/OrderEntryService.asmx/AddOrderLine,"Mozilla/5.0 (Windows NT 6.1) AppleWebKit/537.36 (KHTML, like Gecko)",0
172.98.192.94,True,443,"172.98.192.94,/g.pixel",/submit.php,Mozilla/5.0 (compatible; MSIE 9.0; Windows NT 6.1; Trident/5.0; BOIE9;ENAU),0
18.193.77.75,True,443,"vpn.tccmetals.com,/access/",/radio/xmlrpc/v35,"Mozilla/5.0 (Windows NT 10.0; Win64; x64) AppleWebKit/537.36 (KHTML, like Gecko) Chrome/85.0.4183.48 Safari/537.36",602094943
34.222.203.112,True,443,"creditnetfinance.com,/rs-apps/assets/images/portfolio",/next-api/graphql,Mozilla/5.0 (Windows NT 6.1; WOW64; Trident/7.0; rv:11.0) like Gecko,958113880
34.212.57.1,True,443,"ec2-34-212-57-1.us-west-2.compute.amazonaws.com,/ptj",/submit.php,Mozilla/5.0 (compatible; MSIE 9.0; Windows NT 6.0; WOW64; Trident/5.0),1021273510
88.218.92.19,True,443,"88.218.92.19,/s/ref=nb_sb_noss_1/167-3294888-0262949/field-keywords=books",/N4215/adj/amzn.us.sr.aps,Mozilla/5.0 (Windows NT 6.1; WOW64; Trident/7.0; rv:11.0) like Gecko,0
173.234.155.184,True,443,"dealeva.com,/CWoNaJLBo/VTNeWw11212/",/CWoNaJLBo/VTNeWw11213/,Mozilla/4.0 (compatible; MSIE 6.0;Windows NT 5.1),0
46.30.189.89,True,443,"top.jimwilkens.com,/s/ref=nb_sb_noss_1/167-3294888-0262949/field-keywords=books",/N4215/adj/amzn.us.sr.aps,Mozilla/5.0 (Windows NT 6.1; WOW64; Trident/7.0; rv:11.0) like Gecko,3
39.98.84.58,True,443,"www.microport.com.cn,/zC",/dE,Mozilla/5.0 (Windows NT 10.0; WOW64; Trident/7.0; rv:11.0) like Gecko,0
45.76.176.156,True,443,"www.pccw.monster,/__utm.gif",/___utm.gif,Mozilla/5.0 (compatible; MSIE 9.0; Windows NT 6.1; Trident/5.0; BOIE9;ENUSMSCOM),16777216
103.39.18.188,True,443,"156.226.191.234,/_/scs/mail-static/_/js/,djiqowenlsakdj.com,/_/scs/mail-static/_/js/",/mail/u/0/,Mozilla/5.0 (compatible; MSIE 9.0; Windows NT 6.1; WOW64; Trident/5.0; MALCJS),305419896
185.153.196.130,True,443,"185.153.196.130,/match",/submit.php,Mozilla/4.0 (compatible; MSIE 5.0; Windows NT; DigExt; DTS Agent,555758901
167.179.96.215,True,443,"167.179.96.215,/cdn/heartbeat",/cdn/update,Mozilla/5.0 (Windows NT 10.0; Win64; x64; rv:76.0) Gecko/20100101 Firefox/76.0,305419896
18.181.239.157,True,443,"18.181.239.157,/pixel",/submit.php,Mozilla/5.0 (compatible; MSIE 9.0; Windows NT 6.1; WOW64; Trident/5.0),1
99.79.101.225,True,443,"ajax.microsoft.com,/c/msdownload/update/1930155_",/c/msdownload/update/1534335_,Windows-Update-Agent/10.0.10011.16384 Client-Protocol/1.40,1484168582
104.237.4.40,True,443,"104.237.4.40,/fwlink",/submit.php,Mozilla/4.0 (compatible; MSIE 7.0; Windows NT 5.1; Trident/4.0),0
185.150.117.142,True,443,"185.150.117.142,/dot.gif",/submit.php,Mozilla/5.0 (compatible; MSIE 9.0; Windows NT 6.1; WOW64; Trident/5.0; NP08; MAAU; NP08),305419896
3.125.158.190,True,443,"hydra1337.com,/audio/",/melody/,"Mozilla/5.0 (Windows NT 6.1) AppleWebKit/587.38 (KHTML, like Gecko) Chrome/41.0.2228.0 Safari/537.36",734342526
167.172.251.70,True,443,"wealthfront.com,/v4/links/activity-stream",/u/0/_/og/botguard/get,Mozilla/5.0 (Windows NT 6.1; WOW64; Trident/7.0; rv:11.0) like Gecko,199108445
31.187.64.231,True,443,"d30qpb9e10re4o.cloudfront.net,/gen_204eiT6EX_r4F3fqwHI9boDg,dzep7n1lqmr18.cloudfront.net,/gen_204eiT6EX_r4F3fqwHI9boDg,d2qbce1fkipgyc.cloudfront.net,/gen_204eiT6EX_r4F3fqwHI9boDg,nix1.xyz,/gen_204eiT6EX_r4F3fqwHI9boDg",/_/VisualFrontendUi/data/batchexecute,Mozilla/5.0 (Macintosh; Intel Mac OS X 15.0;) Gecko/20100101 Firefox/637.0,0
104.168.174.178,True,443,"104.168.174.178,/language.js",/nl,"Mozilla/5.0 (Linux; Android 8.0.0; SM-G960F Build/R16NW) AppleWebKit/537.36 (KHTML, like Gecko) Chrome/62.0.3202",305419896
104.248.48.249,True,443,"104.248.48.249,/gp/cerberus/gv",/1.5/95648064/storage/tabs,Mozilla/5.0 (Windows NT 6.1; WOW64; Trident/7.0; rv:11.0) like Gecko,131138737
23.106.223.118,True,443,"withfix.com,/us/ky/louisville/312-s-fourth-st.html",/OrderEntryService.asmx/AddOrderLine,"Mozilla/5.0 (Windows NT 6.1) AppleWebKit/537.36 (KHTML, like Gecko)",0
116.63.189.240,True,443,"116.63.189.240,/activity",/submit.php,Mozilla/5.0 (compatible; MSIE 9.0; Windows NT 6.1; WOW64; Trident/5.0; MATP; MATP),305419896
54.226.33.66,True,443,"cs.yourintrinsichealth.com,/match",/submit.php,Mozilla/5.0 (compatible; MSIE 10.0; Windows NT 6.2; WOW64; Trident/6.0; MAARJS),726371378
108.62.118.37,True,443,"amajai-technologies.trade,/pixel",/submit.php,Mozilla/4.0 (compatible; MSIE 8.0; Windows NT 6.1),305419896
45.147.231.51,True,443,"amajai-technologies.site,/IE9CompatViewList.xml,45.147.231.51,/activity",/submit.php,Mozilla/4.0 (compatible; MSIE 7.0; Windows NT 5.1; Trident/4.0),305419896
180.215.199.167,True,443,"180.215.199.167,/image/",/history/,Mozilla/5.0 (compatible; MSIE 8.0; Windows NT 6.1; Trident/5.0),305419896
129.226.15.142,True,443,"129.226.15.142,/dot.gif",/submit.php,Mozilla/5.0 (compatible; MSIE 10.0; Windows NT 6.2; Win64; x64; Trident/6.0; Avant Browser),0
185.162.235.111,True,443,"185.162.235.111,/cm",/submit.php,Mozilla/5.0 (compatible; MSIE 10.0; Windows NT 6.2; WOW64; Trident/6.0; BOIE9;ENUS),305419896
193.34.166.73,True,443,"servupdates.com,/IE9CompatViewList.xml",/submit.php,Mozilla/5.0 (compatible; MSIE 10.0; Windows NT 6.2; WOW64; Trident/6.0),305419896
199.127.60.67,True,443,"zipflag.com,/us/ky/louisville/312-s-fourth-st.html",/OrderEntryService.asmx/AddOrderLine,"Mozilla/5.0 (Windows NT 6.1) AppleWebKit/537.36 (KHTML, like Gecko)",0
45.195.158.39,True,443,"45.195.158.39,/updates",/windebug/updcheck.php,Mozilla/5.0 (Windows NT 6.1; rv:24.0) Gecko/20100101 Firefox/24.0,305419896
3.133.100.221,True,443,"3.133.100.221,/dot.gif",/submit.php,Mozilla/4.0 (compatible; MSIE 7.0; Windows NT 5.1),1179788210
188.225.85.203,True,443,"188.225.85.203,/match",/submit.php,Mozilla/5.0 (compatible; MSIE 9.0; Windows NT 6.1; WOW64; Trident/5.0; MDDRJS),0
3.133.160.202,True,443,"scripts.completelyinnocuousdomain.com,/updates.rss",/submit.php,Mozilla/4.0 (compatible; MSIE 8.0; Windows NT 5.1; Trident/4.0; InfoPath.2; .NET4.0C; .NET4.0E),1548680553
18.162.225.179,True,443,"cdn1.srv-spotlfy.com,/js/jquery-3.3.1.min.js",/js/jquery-3.3.2.min.js,Mozilla/5.0 (Windows NT 6.3; Trident/7.0; rv:11.0) like Gecko,0
193.168.147.249,True,443,"mesteratosr.me,/api",/lowpacket/mt.php,Mozilla/5.0 (Windows NT 10.0; Win64; x64; rv:74.0) Gecko/20100101 Firefox/74.0,305419896
47.97.65.242,True,443,"47.97.65.242,/updates.rss",/submit.php,Mozilla/4.0 (compatible; MSIE 7.0; Windows NT 6.0),1711276032
142.202.205.57,True,443,"142.202.205.57,/updates.rss",/submit.php,Mozilla/5.0 (compatible; MSIE 9.0; Windows NT 6.1; Trident/5.0; MALC),305419896
139.217.110.192,True,443,"139.217.110.192,/jquery-3.3.1.min.js",/jquery-3.3.2.min.js,Mozilla/5.0 (Windows NT 6.3; Trident/7.0; rv:11.0) like Gecko,305419896
104.238.205.44,True,443,"syscx.com,/dot.gif",/submit.php,Mozilla/5.0 (compatible; MSIE 10.0; Windows NT 6.2; Win64; x64; Trident/6.0; ASU2JS),0
148.70.139.64,True,443,"google.mssql.tk,/jquery-3.3.1.min.js,104.28.6.200,/jquery-3.3.1.min.js,172.67.172.134,/jquery-3.3.1.min.js,104.28.7.200,/jquery-3.3.1.min.js",/jquery-3.3.2.min.js,Mozilla/5.0 (Windows NT 6.3; Trident/7.0; rv:11.0) like Gecko,0
178.238.228.90,True,443,"178.238.228.90,/Content",/adminhtml,"Mozilla/5.0 (Linux; Android 7.0; Pixel C Build/NRD90M; wv) AppleWebKit/537.36 (KHTML, like Gecko) Version/4.0",798593101
167.179.104.104,True,443,"167.179.104.104,/login",/Login,"Mozilla/5.0 (Windows NT 6.1) AppleWebKit/587.38 (KHTML, like Gecko) Chrome/41.0.2228.0 Safari/537.36",0
218.253.251.90,True,443,"218.253.251.90,/pixel",/submit.php,Mozilla/5.0 (compatible; MSIE 10.0; Windows NT 6.2; WOW64; Trident/6.0),305419896
218.253.251.89,True,443,"218.253.251.89,/fwlink",/submit.php,Mozilla/4.0 (compatible; MSIE 7.0; Windows NT 6.0),305419896
103.39.18.169,True,443,"156.226.191.234,/_/scs/mail-static/_/js/,djiqowenlsakdj.com,/_/scs/mail-static/_/js/",/mail/u/0/,Mozilla/5.0 (compatible; MSIE 9.0; Windows NT 6.1; WOW64; Trident/5.0; MALCJS),305419896
3.17.176.47,True,443,"scripts.sidewalkpizzanyc.com,/visit.js",/submit.php,Mozilla/4.0 (compatible; MSIE 7.0; Windows NT 6.0; Trident/4.0),1548680553
209.249.134.2,True,443,"www.surgeryinlebanon.com,/api/channels/replies",/api/chat.postMessage,"Mozilla/5.0 (Windows NT 10.0; Win64; x64) AppleWebKit/537.36 (KHTML, like Gecko) Chrome/76.0.3809.100 Safari/537.36",425324192
194.5.249.55,True,443,"194.5.249.55,/cx",/submit.php,Mozilla/4.0 (compatible; MSIE 7.0b; Windows NT 6.0),555758901
34.92.100.50,True,443,"34.92.100.50,/ms",/tab_home_active,"Mozilla/5.0 (Windows NT 10.0; Win64; x64) AppleWebKit/537.36 (KHTML, like Gecko) Chrome/42.0.2311.135 Safari/537.36 Edge/12.246",305419896
103.39.18.171,True,443,"156.226.191.234,/_/scs/mail-static/_/js/,djiqowenlsakdj.com,/_/scs/mail-static/_/js/",/mail/u/0/,Mozilla/5.0 (compatible; MSIE 9.0; Windows NT 6.1; WOW64; Trident/5.0; MALCJS),305419896
204.16.247.41,True,443,"syscx.com,/dot.gif",/submit.php,Mozilla/5.0 (compatible; MSIE 10.0; Windows NT 6.2; Win64; x64; Trident/6.0; ASU2JS),0
54.212.219.37,True,443,"www.edocushare.com,/jquery-3.3.1.min.js",/jquery-3.3.2.min.js,Mozilla/5.0 (Windows NT 6.3; Trident/7.0; rv:11.0) like Gecko,1442092370
139.224.105.96,True,443,"theones.me,/template.js",/nv,"Mozilla/5.0 (Linux; Android 8.0.0; SM-G960F Build/R16NW) AppleWebKit/537.36 (KHTML, like Gecko) Chrome/62.0.3202",0
45.138.172.80,True,443,"meadowstonto.com,/fo.html",/default,"Mozilla/5.0 (iPhone; CPU iPhone OS 12_0 like Mac OS X) AppleWebKit/605.1.15 (KHTML, like Gecko) Version/12.0",0
35.193.193.149,True,443,"35.193.193.149,/dot.gif",/submit.php,Mozilla/5.0 (compatible; MSIE 9.0; Windows NT 6.1; Win64; x64; Trident/5.0; MAAU; NP08),1161198950
87.251.70.12,True,443,"supercombinating.com,/cx",/submit.php,Mozilla/5.0 (compatible; MSIE 9.0; Windows NT 6.1; WOW64; Trident/5.0; BOIE9;ENUSSEM),0
3.122.252.220,True,443,"cdn1.srv-spotlfy.com,/js/jquery-3.3.1.min.js",/js/jquery-3.3.2.min.js,Mozilla/5.0 (Windows NT 6.3; Trident/7.0; rv:11.0) like Gecko,0
172.241.27.214,True,443,"repshd.com,/us/ky/louisville/312-s-fourth-st.html,pinglis.com,/us/ky/louisville/312-s-fourth-st.html,stargut.com,/us/ky/louisville/312-s-fourth-st.html",/OrderEntryService.asmx/AddOrderLine,"Mozilla/5.0 (Windows NT 6.1) AppleWebKit/537.36 (KHTML, like Gecko)",0
116.202.106.37,True,443,"js.weeblecdn.com,/jquery-3.3.1.min.js",/jquery-3.3.2.min.js,"Mozilla/5.0 (Windows NT 10.0; Win64; x64) AppleWebKit/537.36 (KHTML, like Gecko) Chrome/83.0.4103.97 Safari/537.36",305419896
38.132.124.198,True,443,"security-dc.com,/jquery-3.3.1.min.js",/jquery-3.3.2.min.js,Mozilla/5.0 (Windows NT 6.3; Trident/7.0; rv:11.0) like Gecko,0
206.221.179.202,True,443,"geotry.com,/us/ky/louisville/312-s-fourth-st.html",/OrderEntryService.asmx/AddOrderLine,"Mozilla/5.0 (Windows NT 6.1) AppleWebKit/537.36 (KHTML, like Gecko)",0
95.217.197.124,True,443,"oomdatacollect.global.ssl.fastly.net,/pixel.gif",/submit.php,Mozilla/4.0 (compatible; MSIE 7.0; Windows NT 5.1),0
45.58.117.98,True,443,"domways.com,/us/ky/louisville/312-s-fourth-st.html",/OrderEntryService.asmx/AddOrderLine,"Mozilla/5.0 (Windows NT 6.1) AppleWebKit/537.36 (KHTML, like Gecko)",0
47.101.214.85,True,443,"47.101.214.85,/ptj",/submit.php,Mozilla/5.0 (compatible; MSIE 10.0; Windows NT 6.2; WOW64; Trident/6.0; MATBJS),1873433027
35.241.143.134,True,443,"control.commanderinthe.cloud,/search/",/Search/,"Mozilla/5.0 (compatible, MSIE 11, Windows NT 6.3; Trident/7.0; rv:11.0) like Gecko",1277797054
176.121.14.229,True,443,"176.121.14.229,/match",/submit.php,Mozilla/4.0 (compatible; MSIE 8.0; Windows NT 6.0),0
176.121.14.249,True,443,"176.121.14.249,/cx",/submit.php,Mozilla/5.0 (compatible; MSIE 9.0; Windows NT 6.1; WOW64; Trident/5.0; MATM),0
159.65.96.79,True,443,"cleerhr.com,/html.js",/sq,"Mozilla/5.0 (iPhone; CPU iPhone OS 12_0 like Mac OS X) AppleWebKit/605.1.15 (KHTML, like Gecko) Version/12.0",1660775356
64.187.238.202,True,443,"64.187.238.202,/dpixel",/submit.php,Mozilla/5.0 (compatible; MSIE 9.0; Windows NT 6.1; Trident/5.0; ; NCLIENT50_AAPCDA5841E333),0
123.58.211.116,True,443,"123.58.211.116,/pixel.gif",/submit.php,Mozilla/5.0 (compatible; MSIE 10.0; Windows NT 6.2; WOW64; Trident/6.0),305419896
192.111.144.210,True,443,"repshd.com,/us/ky/louisville/312-s-fourth-st.html,pinglis.com,/us/ky/louisville/312-s-fourth-st.html,stargut.com,/us/ky/louisville/312-s-fourth-st.html",/OrderEntryService.asmx/AddOrderLine,"Mozilla/5.0 (Windows NT 6.1) AppleWebKit/537.36 (KHTML, like Gecko)",0
185.156.172.13,True,443,"185.156.172.13,/ptj",/submit.php,Mozilla/5.0 (compatible; MSIE 10.0; Windows NT 6.2; Win64; x64; Trident/6.0),352733121
185.162.235.61,True,443,"185.162.235.61,/ca",/submit.php,Mozilla/4.0 (compatible; MSIE 8.0; Windows NT 5.1; Trident/4.0; LBBROWSER),16777216
188.34.142.201,True,443,"188.34.142.201,/updates.rss",/submit.php,Mozilla/5.0 (compatible; MSIE 9.0; Windows NT 6.1; WOW64; Trident/5.0; MASB),16777216
157.245.90.83,True,443,"www.nytimes.com,/wp-includes/js/script/indigo-migrate",/ev/ext001001,Mozilla/5.0 (Windows NT 6.1; WOW64; Trident/7.0; rv:11.0) like Gecko,87330718
52.229.22.93,True,443,"52.229.22.93,/pixel.gif",/submit.php,Mozilla/5.0 (compatible; MSIE 9.0; Windows NT 6.1; WOW64; Trident/5.0; MATP; MATP),1380714076
104.243.46.74,True,443,"104.243.46.74,/IE9CompatViewList.xml",/submit.php,Mozilla/5.0 (compatible; MSIE 9.0; Windows NT 6.0; WOW64; Trident/5.0),0
45.76.48.40,True,443,"45.76.48.40,/g.pixel",/submit.php,Mozilla/5.0 (compatible; MSIE 10.0; Windows NT 6.2; Win64; x64; Trident/6.0; Avant Browser),1873433027
198.27.79.75,True,443,"185.189.151.107,/skin",/fr,"Mozilla/5.0 (Windows NT 6.1; WOW64) AppleWebKit/537.36 (KHTML, like Gecko) Chrome/47.0.2526.111 Safari/537.36",373557059
87.120.8.249,True,443,"87.120.8.249,/jquery-3.3.1.min.js",/jquery-3.3.2.min.js,"Mozilla/5.0 (Windows NT 6.1; Win64; x64) AppleWebKit/537.36 (KHTML, like Gecko) Chrome/40.0.2214.85 Safari/537.36",305419896
159.89.131.233,True,443,"milbank.azurewebsites.net,/azure/api",/azure/us,Mozilla/5.0 (compatible; MSIE 10.0; Windows NT 6.1; Trident/5.0),1051673545
34.203.235.59,True,443,"sitehealthcheck.org,/oscp/",/oscp/a/,Microsoft-CryptoAPI/6.1,859655151
168.119.0.88,True,443,"168.119.0.88,/g.pixel",/submit.php,Mozilla/5.0 (compatible; MSIE 9.0; Windows NT 6.1; Trident/5.0; BOIE9;ENUSMSCOM),0
23.227.194.185,True,443,"23.227.194.185,/pixel.gif",/submit.php,Mozilla/5.0 (compatible; MSIE 9.0; Windows NT 6.1; WOW64; Trident/5.0; MALCJS),0
141.136.36.241,True,443,"updatewmo.com,/template/politics/2020/index.htm",/static/javaScript/jquery-3.5.2.js,"Mozilla/5.0 (Windows NT 10.0; Win64; x64) AppleWebKit/537.36 (KHTML, like Gecko) Chrome/74.0.3729.169 Safari/537.36",305419896
45.147.229.44,True,443,"mn.backup-helper.com,/template.css,nm.backup-helper.com,/fam_calendar.css,ws.backup-helper.com,/fam_calendar.css",/gv,"Mozilla/5.0 (Windows NT 10.0; Win64; x64) AppleWebKit/537.36 (KHTML, like Gecko) Chrome/42.0.2311.135 Safari/537.36 Edge/12.246",0
176.123.2.216,True,443,"176.123.2.216,/__utm.gif",/___utm.gif,Mozilla/5.0 (compatible; MSIE 9.0; Windows NT 6.1; Trident/5.0; BOIE9;ESES),16777216
23.106.160.137,True,443,"amajai-technologies.work,/ga.js",/submit.php,Mozilla/5.0 (compatible; MSIE 9.0; Windows NT 6.1; Trident/5.0; Xbox),305419896
52.90.168.168,True,443,"m24.yourintrinsichealth.com,/s/ref=nb_sb_noss_1/167-3294888-0262949/field-keywords=books",/N4215/adj/amzn.us.sr.aps,Mozilla/5.0 (Windows NT 6.1; WOW64; Trident/7.0; rv:11.0) like Gecko,1502747091
31.14.40.143,True,443,"31.14.40.143,/cm",/submit.php,Mozilla/5.0 (compatible; MSIE 10.0; Windows NT 6.2; Win64; x64; Trident/6.0; MATMJS),305419896
193.34.166.207,True,443,"timesyncad.com,/updates.rss",/submit.php,Mozilla/4.0 (compatible; MSIE 8.0; Windows NT 5.1; Trident/4.0),305419896
18.159.248.62,True,443,"blog.tresorit.com,/access/",/radio/xmlrpc/v35,"Mozilla/5.0 (Windows NT 10.0; Win64; x64) AppleWebKit/537.36 (KHTML, like Gecko) Chrome/85.0.4183.48 Safari/537.36",602094943
156.226.191.237,True,443,"156.226.191.234,/_/scs/mail-static/_/js/,djiqowenlsakdj.com,/_/scs/mail-static/_/js/",/mail/u/0/,Mozilla/5.0 (compatible; MSIE 9.0; Windows NT 6.1; WOW64; Trident/5.0; MALCJS),305419896
51.91.123.194,True,443,"CLIENT.ELISEA-MUTUELLE.fr,/jquery-3.3.1.min.js",/jquery-3.3.2.min.js,Mozilla/5.0 (Windows NT 6.3; Trident/7.0; rv:11.0) like Gecko,743687786
103.126.6.149,True,443,"103.126.6.149,/jquery-3.3.1.min.js",/jquery-3.3.2.min.js,Mozilla/5.0 (Windows NT 6.3; Trident/7.0; rv:11.0) like Gecko,305419896
34.217.5.107,True,443,"secure.carestreamhealthcare.com,/__utm.gif",/___utm.gif,Mozilla/5.0 (Windows NT 6.1; WOW64; Trident/7.0; rv:11.0) like Gecko,676943883
104.194.8.114,True,443,"23.106.160.86,/us/ky/louisville/312-s-fourth-st.html,raills.com,/us/ky/louisville/312-s-fourth-st.html",/OrderEntryService.asmx/AddOrderLine,"Mozilla/5.0 (Windows NT 6.1) AppleWebKit/537.36 (KHTML, like Gecko)",0
3.135.189.104,True,443,"raymondjames.hostedconnectedrisk.com:,/access/",/radio/xmlrpc/v35,"Mozilla/5.0 (Windows NT 6.1; WOW64) AppleWebKit/537.36 (KHTML, like Gecko) Chrome/55.0.2883.87 Safari/537.36",1132084372
195.123.217.7,True,443,"195.123.217.7,/s/ref=nb_sb_noss_1/167-3294888-0262949/field-keywords=books,yten.xyz,/s/ref=nb_sb_noss_1/167-3294888-0262949/field-keywords=books",/N4215/adj/amzn.us.sr.aps,Mozilla/5.0 (Windows NT 6.1; WOW64; Trident/7.0; rv:11.0) like Gecko,305419896
34.80.40.66,True,443,"www.huijingwifi.com,/link",/images/,"Mozilla/5.0 (Windows NT 10.0; Win64; x64) AppleWebKit/537.36 (KHTML, like Gecko) Chrome/79.0.3835.79",0
167.71.244.25,True,443,"ajax.microsoft.com,/v4/links/activity-stream",/ev/prd001001,Mozilla/5.0 (Windows NT 6.1; WOW64; Trident/7.0; rv:11.0) like Gecko,30088665
3.137.206.229,True,443,"3.133.100.221,/dot.gif",/submit.php,Mozilla/4.0 (compatible; MSIE 7.0; Windows NT 5.1),1179788210
165.22.63.50,True,443,"cdn1.srv-spotlfy.com,/js/jquery-3.3.1.min.js",/js/jquery-3.3.2.min.js,Mozilla/5.0 (Windows NT 6.3; Trident/7.0; rv:11.0) like Gecko,0
108.177.235.180,True,443,"mail.safeyoke.com,/ptj,feedback.safeyoke.com,/cx",/submit.php,Mozilla/4.0 (compatible; MSIE 7.0; Windows NT 5.1; .NET CLR 2.0.50727; InfoPath.2),0
104.248.224.90,True,443,"www.nytimes.com,/v1/preferences,www.nytimes.com,/v1/preferences,www.nytimes.com,/idcta/translations,www.nytimes.com,/v2/preferences,www.nytimes.com,/idcta/translations",/track,Microsoft BITS/7.8,330662372
5.196.114.192,True,443,"amazoning.sytes.net,/dpixel",/submit.php,Mozilla/5.0 (compatible; MSIE 10.0; Windows NT 6.2; Win64; x64; Trident/6.0; ASU2JS),0
5.9.55.202,True,443,"5.9.55.202,/ca",/submit.php,Mozilla/5.0 (compatible; MSIE 9.0; Windows NT 6.1; WOW64; Trident/5.0; BOIE9;ENUS),1658572448
23.106.160.86,True,443,"23.106.160.86,/us/ky/louisville/312-s-fourth-st.html,raills.com,/us/ky/louisville/312-s-fourth-st.html",/OrderEntryService.asmx/AddOrderLine,"Mozilla/5.0 (Windows NT 6.1) AppleWebKit/537.36 (KHTML, like Gecko)",0
172.98.192.91,True,443,"172.98.192.91,/s/ref=nb_sb_noss_1/167-3294888-0262949/field-keywords=books",/N4215/adj/amzn.us.sr.aps,Mozilla/5.0 (Windows NT 6.1; WOW64; Trident/7.0; rv:11.0) like Gecko,0
44.231.58.231,True,443,"dist.nuget.org,/cgi-bin/certstore/,ajax.aspnetcdn.com,/cgi-bin/certstore/",/pem/office.microsoft.com/,"Mozilla/5.0 (Windows NT 6.1; Win64; x64) AppleWebKit/537.36 (KHTML, like Gecko) Chrome/65.0.3325.146 Safari/537.36",1005885979
64.227.45.20,True,443,"cob.wolt.services,/watch/",/youtubei/v1/logevent,"Mozilla/5.0 (compatible, MSIE 11, Windows NT 6.3; Trident/7.0; rv:11.0) like Gecko",758735939
176.123.8.228,True,443,"176.123.8.228,/__utm.gif",/___utm.gif,Mozilla/4.0 (compatible; MSIE 8.0; Windows NT 6.1),305419896
161.35.81.119,True,443,"bbc.com,/en-us/p/onerf/MeSilentPassport",/1.5/95648064/storage/tabs,Microsoft BITS/7.8,979745592
178.128.105.13,True,443,"ajax.microsoft.com,/gp/aj/private/reviewsGallery/get-image-gallery-assets,mscrl.microsoft.com,/wp-includes/js/script/indigo-migrate",/gp/aw/ybh/handlers,Mozilla/5.0 (Windows NT 6.1; WOW64; Trident/7.0; rv:11.0) like Gecko,1034046078
45.141.84.49,True,443,"taekvondo.com,/jquery-3.3.1.min.js",/jquery-3.3.2.min.js,Mozilla/5.0 (Windows NT 6.3; Trident/7.0; rv:11.0) like Gecko,305419896
68.183.85.105,True,443,"iecvlist.microsoft.com,/gp/aj/private/reviewsGallery/get-application-resources,cdnppe.vsassets.io,/api2/json/cluster/tasks,cdnads.msads.net,/gp/cerberus/gv,global.asazure.windows.net,/en-us/p/onerf/MeSilentPassport",/api2/json/check/ticket,Mozilla/5.0 (Windows NT 6.1; WOW64; Trident/7.0; rv:11.0) like Gecko,1890475908
103.39.18.173,True,443,"156.226.191.234,/_/scs/mail-static/_/js/,djiqowenlsakdj.com,/_/scs/mail-static/_/js/",/mail/u/0/,Mozilla/5.0 (compatible; MSIE 9.0; Windows NT 6.1; WOW64; Trident/5.0; MALCJS),305419896
40.117.40.46,True,443,"wmjdvuif.limyonly.me,/s/ref=nb_sb_noss_1/167-3294888-0262949/field-keywords=books",/N4215/adj/amzn.us.sr.aps,Mozilla/5.0 (Windows NT 6.1; WOW64; Trident/7.0; rv:11.0) like Gecko,0
78.129.165.207,True,443,"s91-update.mala7at.com,/lu",/dhl,"Mozilla/5.0 (Windows NT 6.1; WOW64) AppleWebKit/537.36 (KHTML, like Gecko) Chrome/47.0.2526.111 Safari/537.36",248202337
3.122.109.210,True,443,"3.122.109.210,/audio/",/melody/,"Mozilla/5.0 (Windows NT 6.1) AppleWebKit/587.38 (KHTML, like Gecko) Chrome/41.0.2228.0 Safari/537.36",422801439
176.121.14.251,True,443,"176.121.14.251,/updates.rss",/submit.php,Mozilla/4.0 (compatible; MSIE 7.0; Windows NT 5.1; Trident/4.0; .NET CLR 2.0.50727; 360space),0
23.105.196.222,True,443,"176.121.14.251,/updates.rss",/submit.php,Mozilla/4.0 (compatible; MSIE 7.0; Windows NT 5.1; Trident/4.0; .NET CLR 2.0.50727; 360space),0
104.131.76.110,True,443,"ajax.microsoft.com,/gp/cerberus/gv",/ev/ext001001,Mozilla/5.0 (Windows NT 6.1; WOW64; Trident/7.0; rv:11.0) like Gecko,1332303197
193.34.167.200,True,443,"inteldrivers.com,/g.pixel",/submit.php,Mozilla/5.0 (compatible; MSIE 9.0; Windows NT 6.1; WOW64; Trident/5.0; BOIE9;ENUSMSE),305419896
206.189.37.245,True,443,"do.skype.com,/api2/json/access/ticket,mscrl.microsoft.com,/gp/aj/private/reviewsGallery/get-application-resources",/gp/aw/ybh/handlers,Mozilla/5.0 (Windows NT 6.1; WOW64; Trident/7.0; rv:11.0) like Gecko,938516594
139.186.146.78,True,443,"139.186.146.78,/geo/collect/v1,hw.x0x.in,/geo/collect/v1",/collect/v1,Mozilla/5.0 (Windows NT 6.1; WOW64; Trident/7.0; rv:11.0;) like Gecko,305419896
88.218.94.161,True,443,"ec2-3-19-26-213.us-east-2.compute.amazonaws.com,/s/ref=nb_sb_noss_1/167-3294888-0262949/field-keywords=books",/N4215/adj/amzn.us.sr.aps,Mozilla/5.0 (Windows NT 6.1; WOW64; Trident/7.0; rv:11.0) like Gecko,0
31.44.184.56,True,443,"31.44.184.56,/pixel.gif",/submit.php,Mozilla/4.0 (compatible; MSIE 7.0; Windows NT 6.0; Trident/4.0),0
34.238.192.43,True,443,"sharkfishinguk.com,/jquery-1.12.1.min.js",/jquery-1.12.2.min.js,"Mozilla/5.0 (Windows NT 10.0; Win64; x64) AppleWebKit/537.36 (KHTML, like Gecko) Safari/537.36 Edg/80.0.361.62",701850002
95.217.197.85,True,443,"oomdatacollect.global.ssl.fastly.net,/pixel.gif",/submit.php,Mozilla/4.0 (compatible; MSIE 7.0; Windows NT 5.1),0
137.59.16.168,True,443,"137.59.16.168,/j.ad",/submit.php,Mozilla/5.0 (compatible; MSIE 9.0; Windows NT 6.1; WOW64; Trident/5.0; BOIE9;ENUSMSE),1873433027
18.206.136.219,True,443,"utils.couch2kubernetes.com,/mobile-home",/ki,"Mozilla/5.0 (Linux; Android 6.0; HTC One X10 Build/MRA58K; wv) AppleWebKit/537.36 (KHTML, like Gecko) Version/4.0",1174811869
155.138.245.98,True,443,"155.138.245.98,/updates.rss",/submit.php,Mozilla/5.0 (compatible; MSIE 9.0; Windows NT 6.1; WOW64; Trident/5.0; NP09; NP09; MAAU),631181113
149.129.53.162,True,443,"sit.watchdog3.com,/updates",/aircanada/dark.php,Mozilla/5.0 (Windows NT 6.1; rv:24.0) Gecko/20100101 Firefox/24.0,0
142.202.205.88,True,443,"142.202.205.88,/dot.gif",/submit.php,Mozilla/5.0 (compatible; MSIE 10.0; Windows NT 6.2; WOW64; Trident/6.0; MAGWJS),305419896
204.44.83.214,True,443,"204.44.83.214,/push",/submit.php,Mozilla/4.0 (compatible; MSIE 7.0; Windows NT 5.1; .NET CLR 2.0.50727; .NET CLR 3.0.04506.30),0
103.39.18.183,True,443,"156.226.191.234,/_/scs/mail-static/_/js/,djiqowenlsakdj.com,/_/scs/mail-static/_/js/",/mail/u/0/,Mozilla/5.0 (compatible; MSIE 9.0; Windows NT 6.1; WOW64; Trident/5.0; MALCJS),305419896
103.39.18.185,True,443,"156.226.191.234,/_/scs/mail-static/_/js/,djiqowenlsakdj.com,/_/scs/mail-static/_/js/",/mail/u/0/,Mozilla/5.0 (compatible; MSIE 9.0; Windows NT 6.1; WOW64; Trident/5.0; MALCJS),305419896
204.16.247.89,True,443,"204.16.247.89,/g.pixel",/submit.php,Mozilla/5.0 (compatible; MSIE 9.0; Windows Phone OS 7.5; Trident/5.0; IEMobile/9.0; LG; LG-E906),0
5.181.156.122,True,443,"5.181.156.122,/__utm.gif",/submit.php,Mozilla/5.0 (compatible; MSIE 10.0; Windows NT 6.2; Win64; x64; Trident/6.0),305419896
31.44.184.100,True,443,"31.44.184.100,/dpixel",/submit.php,Mozilla/4.0 (compatible; MSIE 7.0b; Windows NT 6.0),0
45.146.165.140,True,443,"45.146.165.140,/IE9CompatViewList.xml",/submit.php,Mozilla/4.0 (compatible; MSIE 8.0; Windows NT 6.1; Trident/4.0),305419896
185.150.190.204,True,443,"regbest.com,/us/ky/louisville/312-s-fourth-st.html",/OrderEntryService.asmx/AddOrderLine,"Mozilla/5.0 (Windows NT 6.1) AppleWebKit/537.36 (KHTML, like Gecko)",0
103.69.195.104,True,443,"103.69.195.104,/c/msdownload/update/others/2020/10/29136388_",/c/msdownload/update/others/2020/10/28986731_,Windows-Update-Agent/10.0.10011.16384 Client-Protocol/1.40,1521229817
193.34.167.80,True,443,"wustatwindows.com,/updates.rss",/submit.php,Mozilla/4.0 (compatible; MSIE 8.0; Windows NT 5.1),305419896
109.201.142.110,True,443,"forteupdate.com,/match",/submit.php,Mozilla/5.0 (compatible; MSIE 10.0; Windows NT 6.2; Trident/6.0),555758901
185.203.117.79,True,443,"185.203.117.79,/jquery-3.3.1.min.js",/jquery-3.3.2.min.js,Mozilla/5.0 (Windows NT 6.3; Trident/7.0; rv:11.0) like Gecko,305419896
167.179.87.86,True,443,"167.179.87.86,/g.pixel",/submit.php,Mozilla/4.0 (compatible; MSIE 8.0; Windows NT 5.1; Trident/4.0; InfoPath.3; .NET CLR 2.0.50727),16777216
161.35.99.14,True,443,"161.35.99.14,/jquery-3.3.1.min.js",/jquery-3.3.2.min.js,Mozilla/5.0 (Windows NT 6.3; Trident/7.0; rv:11.0) like Gecko,1688631610
120.55.14.10,True,443,"120.55.14.10,/wp-content/themes/calliope/wp_data.php",/jquery-3.3.2.min.js,"Mozilla/5.0 (Windows NT 6.3; Win64; x64) AppleWebKit/537.36 (KHTML, like Gecko) Chrome/79.0.3945.88 Safari/537.36",16777216
185.225.19.140,True,443,"185.225.19.140,/c/msdownload/update/others/2020/10/29136388_",/c/msdownload/update/others/2020/10/28986731_,Windows-Update-Agent/10.0.10022.16384 Client-Protocol/1.40,0
185.158.249.123,True,443,"185.158.249.123,/fwlink",/submit.php,Mozilla/5.0 (compatible; MSIE 10.0; Windows NT 6.2; WOW64; Trident/6.0; MDDCJS),305419896
172.93.102.164,True,443,"facesh.com,/us/ky/louisville/312-s-fourth-st.html",/OrderEntryService.asmx/AddOrderLine,"Mozilla/5.0 (Windows NT 6.1) AppleWebKit/537.36 (KHTML, like Gecko)",0
88.198.165.127,True,443,"88.198.165.127,/nd",/template,"Mozilla/5.0 (Windows NT 6.1; WOW64) AppleWebKit/537.36 (KHTML, like Gecko) Chrome/47.0.2526.111 Safari/537.36",113463961
3.136.160.122,True,443,"telemetry.wessonlabpartners.com,/jquery-3.3.1.min.js,admitting.healthfitconnection.com,/jquery-3.3.1.min.js,skilled_nursing.healthmanagementtoday.com,/jquery-3.3.1.min.js",/jquery-3.3.2.min.js,Mozilla/5.0 (Windows NT 6.3; Trident/7.0; rv:11.0) like Gecko,294197571
124.217.230.137,True,443,"124.217.230.137,/jquery-3.3.1.min.js",/jquery-3.3.2.min.js,Mozilla/5.0 (compatible; MSIE 10.0; Windows NT 7.0; InfoPath.3; .NET CLR 3.1.40767; Trident/6.0; en-IN),305419896
79.141.160.16,True,443,"zerocdn.net,/static/fetch.umd.min.js",/submit/analytics/fetch.js,"Mozilla/5.0 (Windows NT 10.0; Win64; x64) AppleWebKit/537.36 (KHTML, like Gecko) Chrome/84.0.4147.89 Safari/537.36",0
119.3.141.162,True,443,"119.3.141.162,/jquery-3.3.1.min.js",/jquery-3.3.2.min.js,Mozilla/5.0 (Windows NT 6.3; Trident/7.0; rv:11.0) like Gecko,305419896
34.121.230.223,True,443,"about.inno-finance.com,/match",/submit.php,Mozilla/4.0 (compatible; MSIE 7.0; Windows NT 5.1; Trident/4.0; .NET CLR 1.1.4322),545432327
185.244.149.152,True,443,"yambanetsdev.net,/ptj",/submit.php,Mozilla/5.0 (compatible; MSIE 10.0; Windows NT 6.2; WOW64; Trident/6.0; MATBJS),0
89.38.226.218,True,443,"www.phpbasic.net,/scs/mail-static/js/",/mail/u/_/1/,Mozilla/5.0 (Windows NT 6.1; WOW64; Trident/7.0; rv:11.0) like Gecko,1582508172
104.194.8.36,True,443,"rollfx.com,/us/ky/louisville/312-s-fourth-st.html",/OrderEntryService.asmx/AddOrderLine,"Mozilla/5.0 (Windows NT 6.1) AppleWebKit/537.36 (KHTML, like Gecko)",0
23.106.160.229,True,443,"23.106.160.229,/cx",/submit.php,Mozilla/5.0 (compatible; MSIE 9.0; Windows NT 6.1; WOW64; Trident/5.0; MATP; MATP),305419896
92.42.14.133,True,443,"92.42.14.133,/activity",/submit.php,Mozilla/5.0 (compatible; MSIE 9.0; Windows NT 6.1; Trident/5.0; BOIE9;ENUS),305419896
157.245.40.219,True,443,"shl.netsuite-labs.com,/ocsp/a/",/ocsp/b/,Microsoft-CryptoAPI/6.1,1334747469
212.129.150.253,True,443,"212.129.150.253,/match",/submit.php,Mozilla/4.0 (compatible; MSIE 7.0; Windows NT 5.1; Trident/4.0),305419896
103.39.18.162,True,443,"156.226.191.234,/_/scs/mail-static/_/js/,djiqowenlsakdj.com,/_/scs/mail-static/_/js/",/mail/u/0/,Mozilla/5.0 (compatible; MSIE 9.0; Windows NT 6.1; WOW64; Trident/5.0; MALCJS),305419896
103.39.18.161,True,443,"156.226.191.234,/_/scs/mail-static/_/js/,djiqowenlsakdj.com,/_/scs/mail-static/_/js/",/mail/u/0/,Mozilla/5.0 (compatible; MSIE 9.0; Windows NT 6.1; WOW64; Trident/5.0; MALCJS),305419896
149.28.88.63,True,443,"149.28.88.63,/image/",/history/,Mozilla/5.0 (Macintosh; Intel Mac OS X 10_15_6) Chrome/85.0.4183.102 Safari/537.36,305419896
52.28.253.50,True,443,"rijkzijn.nl,/vlk/grants,uwprivatebank.nl,/vlk/grants,systest.nl,/vlk/grants",/vlk/xmlrpc/v2,Mozilla/5.0 (Windows NT 6.1; WOW64; Trident/7.0; rv:11.0) like Gecko,1748429673
80.209.241.7,True,443,"94.140.114.160,/wp06/wp-includes/po.php",/modules/mod_search.php,Mozilla/5.0 (Windows; U; MSIE 7.0; Windows NT 5.2) Java/1.5.0_08,305419896
60.205.220.98,True,443,"58.218.215.124,/search/,122.193.130.85,/search/,125.37.206.221,/search/,120.221.181.171,/search/",/Search/,"Mozilla/5.0 (compatible, MSIE 11, Windows NT 6.3; Trident/7.0; rv:11.0) like Gecko",305419896
51.210.138.71,True,443,"51.210.138.71,/__utm.gif",/___utm.gif,Mozilla/5.0 (compatible; MSIE 9.0; Windows NT 6.1; Win64; x64; Trident/5.0; BOIE9;ENUS),16777216
154.86.46.35,True,443,"154.86.46.35,/j.ad",/submit.php,Mozilla/5.0 (compatible; MSIE 9.0; Windows NT 6.1; Win64; x64; Trident/5.0; NP06),0
104.194.11.10,True,443,"simvp.com,/us/ky/louisville/312-s-fourth-st.html",/OrderEntryService.asmx/AddOrderLine,"Mozilla/5.0 (Windows NT 6.1) AppleWebKit/537.36 (KHTML, like Gecko)",0
167.179.105.132,True,443,"www.sfhangkang.monster,/__utm.gif",/___utm.gif,Mozilla/5.0 (compatible; MSIE 9.0; Windows NT 6.1; Win64; x64; Trident/5.0; MAM2),16777216
23.106.160.2,True,443,"bitsse.com,/us/ky/louisville/312-s-fourth-st.html,uncole.com,/us/ky/louisville/312-s-fourth-st.html",/OrderEntryService.asmx/AddOrderLine,"Mozilla/5.0 (Windows NT 6.1) AppleWebKit/537.36 (KHTML, like Gecko)",0
103.143.28.25,True,443,"103.143.28.23,/__utm.gif",/submit.php,Mozilla/5.0 (compatible; MSIE 9.0; Windows NT 6.0; Trident/5.0),305419896
98.142.141.43,True,443,"www.nameshow.site,/jquery-3.3.1.min.js",/jquery-3.3.2.min.js,Mozilla/5.1 (Windows NT 6.4; Trident/7.1; rv:12.0) like Gecko,305419896
146.0.72.91,True,443,"146.0.72.91,/j.ad,91.229.23.63,/updates.rss",/submit.php,Mozilla/4.0 (compatible; MSIE 5.0; Windows NT; DigExt; DTS Agent,0
